country_region_code,country_region,sub_region_1,sub_region_2,metro_area,iso_3166_2_code,census_fips_code,place_id,date,retail_and_recreation_percent_change_from_baseline,grocery_and_pharmacy_percent_change_from_baseline,parks_percent_change_from_baseline,transit_stations_percent_change_from_baseline,workplaces_percent_change_from_baseline,residential_percent_change_from_baseline,driving,transit,walking
US,United States,New York,New York County,,,36061,ChIJOwE7_GTtwokRFq0uOwLSE9g,2/15/20,2,-5,0,-1,0,0,141.72,118.53,156.51
US,United States,New York,New York County,,,36061,ChIJOwE7_GTtwokRFq0uOwLSE9g,2/16/20,6,-2,4,1,-2,0,119.17,98.4,137.47
US,United States,New York,New York County,,,36061,ChIJOwE7_GTtwokRFq0uOwLSE9g,2/17/20,-5,-12,13,-25,-51,10,105.53,96.42,118.76
US,United States,New York,New York County,,,36061,ChIJOwE7_GTtwokRFq0uOwLSE9g,2/18/20,0,-2,5,-5,-6,2,101.68,94.21,106.36
US,United States,New York,New York County,,,36061,ChIJOwE7_GTtwokRFq0uOwLSE9g,2/19/20,2,-1,15,-1,-4,1,106.02,99.69,115.04
US,United States,New York,New York County,,,36061,ChIJOwE7_GTtwokRFq0uOwLSE9g,2/20/20,3,-1,6,-1,-5,1,111.83,103.89,116.01
US,United States,New York,New York County,,,36061,ChIJOwE7_GTtwokRFq0uOwLSE9g,2/21/20,-2,-5,-7,-4,-5,2,132.35,119.98,139.26
US,United States,New York,New York County,,,36061,ChIJOwE7_GTtwokRFq0uOwLSE9g,2/22/20,6,4,25,5,7,-1,140.44,120.39,161.14
US,United States,New York,New York County,,,36061,ChIJOwE7_GTtwokRFq0uOwLSE9g,2/23/20,0,2,18,1,2,-1,103.3,86.07,110.01
US,United States,New York,New York County,,,36061,ChIJOwE7_GTtwokRFq0uOwLSE9g,2/24/20,1,1,17,1,4,0,94.35,86.37,95.75
US,United States,New York,New York County,,,36061,ChIJOwE7_GTtwokRFq0uOwLSE9g,2/25/20,-3,-3,3,-1,3,1,97.46,88.92,92.34
US,United States,New York,New York County,,,36061,ChIJOwE7_GTtwokRFq0uOwLSE9g,2/26/20,-1,0,4,-1,3,0,100.31,92.42,101.15
US,United States,New York,New York County,,,36061,ChIJOwE7_GTtwokRFq0uOwLSE9g,2/27/20,1,2,6,0,3,0,107.15,98.04,103.93
US,United States,New York,New York County,,,36061,ChIJOwE7_GTtwokRFq0uOwLSE9g,2/28/20,0,1,-6,0,3,0,131.44,118.59,133.24
US,United States,New York,New York County,,,36061,ChIJOwE7_GTtwokRFq0uOwLSE9g,2/29/20,1,2,-2,-1,6,0,133.45,117.68,141.21
US,United States,New York,New York County,,,36061,ChIJOwE7_GTtwokRFq0uOwLSE9g,3/1/20,-3,2,-7,-3,1,0,99.76,84.89,102.44
US,United States,New York,New York County,,,36061,ChIJOwE7_GTtwokRFq0uOwLSE9g,3/2/20,3,6,17,-3,4,0,96.3,87.22,100.47
US,United States,New York,New York County,,,36061,ChIJOwE7_GTtwokRFq0uOwLSE9g,3/3/20,0,6,5,-1,3,0,98.74,90.22,97.39
US,United States,New York,New York County,,,36061,ChIJOwE7_GTtwokRFq0uOwLSE9g,3/4/20,3,9,13,-3,2,0,103.39,94.39,108.45
US,United States,New York,New York County,,,36061,ChIJOwE7_GTtwokRFq0uOwLSE9g,3/5/20,2,10,14,-2,2,0,110.85,99.33,115.85
US,United States,New York,New York County,,,36061,ChIJOwE7_GTtwokRFq0uOwLSE9g,3/6/20,-8,-3,-18,-4,-1,3,125.92,110.15,121.72
US,United States,New York,New York County,,,36061,ChIJOwE7_GTtwokRFq0uOwLSE9g,3/7/20,1,9,8,-2,7,0,132.34,113.11,149.46
US,United States,New York,New York County,,,36061,ChIJOwE7_GTtwokRFq0uOwLSE9g,3/8/20,-5,3,11,-4,0,0,99.64,82.55,109.48
US,United States,New York,New York County,,,36061,ChIJOwE7_GTtwokRFq0uOwLSE9g,3/9/20,0,6,34,-7,-3,2,100.97,86.84,113.63
US,United States,New York,New York County,,,36061,ChIJOwE7_GTtwokRFq0uOwLSE9g,3/10/20,-6,7,12,-11,-7,4,95.04,79.87,99.74
US,United States,New York,New York County,,,36061,ChIJOwE7_GTtwokRFq0uOwLSE9g,3/11/20,-10,7,9,-15,-12,5,88.53,74.69,91.79
US,United States,New York,New York County,,,36061,ChIJOwE7_GTtwokRFq0uOwLSE9g,3/12/20,-19,20,-4,-20,-18,8,79.11,60.15,74.71
US,United States,New York,New York County,,,36061,ChIJOwE7_GTtwokRFq0uOwLSE9g,3/13/20,-30,12,-18,-30,-26,10,77.37,54.57,71.05
US,United States,New York,New York County,,,36061,ChIJOwE7_GTtwokRFq0uOwLSE9g,3/14/20,-37,7,-14,-35,-9,5,62.72,46.55,60.88
US,United States,New York,New York County,,,36061,ChIJOwE7_GTtwokRFq0uOwLSE9g,3/15/20,-46,-2,-28,-42,-17,7,43.53,29.05,35.92
US,United States,New York,New York County,,,36061,ChIJOwE7_GTtwokRFq0uOwLSE9g,3/16/20,-48,-4,-40,-48,-48,18,40.83,22.92,25.56
US,United States,New York,New York County,,,36061,ChIJOwE7_GTtwokRFq0uOwLSE9g,3/17/20,-61,-9,-40,-55,-55,21,33.97,17.64,18.41
US,United States,New York,New York County,,,36061,ChIJOwE7_GTtwokRFq0uOwLSE9g,3/18/20,-65,-15,-38,-59,-58,22,31.1,15.08,16.32
US,United States,New York,New York County,,,36061,ChIJOwE7_GTtwokRFq0uOwLSE9g,3/19/20,-70,-25,-51,-63,-62,25,27.6,12.93,13.34
US,United States,New York,New York County,,,36061,ChIJOwE7_GTtwokRFq0uOwLSE9g,3/20/20,-71,-21,-49,-64,-63,26,28.71,12.67,14.99
US,United States,New York,New York County,,,36061,ChIJOwE7_GTtwokRFq0uOwLSE9g,3/21/20,-76,-23,-51,-67,-41,15,22.87,9.56,11.5
US,United States,New York,New York County,,,36061,ChIJOwE7_GTtwokRFq0uOwLSE9g,3/22/20,-81,-38,-66,-73,-48,16,17.36,7.46,7.53
US,United States,New York,New York County,,,36061,ChIJOwE7_GTtwokRFq0uOwLSE9g,3/23/20,-83,-57,-79,-77,-75,32,18.33,7.62,6.69
US,United States,New York,New York County,,,36061,ChIJOwE7_GTtwokRFq0uOwLSE9g,3/24/20,-79,-39,-56,-73,-74,29,19.63,8.09,8.9
US,United States,New York,New York County,,,36061,ChIJOwE7_GTtwokRFq0uOwLSE9g,3/25/20,-82,-48,-70,-75,-75,31,18.54,7.52,7.27
US,United States,New York,New York County,,,36061,ChIJOwE7_GTtwokRFq0uOwLSE9g,3/26/20,-81,-42,-56,-75,-75,31,19.61,8,8.72
US,United States,New York,New York County,,,36061,ChIJOwE7_GTtwokRFq0uOwLSE9g,3/27/20,-81,-45,-59,-75,-74,32,21.87,9.25,10.29
US,United States,New York,New York County,,,36061,ChIJOwE7_GTtwokRFq0uOwLSE9g,3/28/20,-86,-50,-77,-77,-56,20,17.8,6.99,6.69
US,United States,New York,New York County,,,36061,ChIJOwE7_GTtwokRFq0uOwLSE9g,3/29/20,-86,-51,-79,-78,-57,19,15.54,6.52,5.88
US,United States,New York,New York County,,,36061,ChIJOwE7_GTtwokRFq0uOwLSE9g,3/30/20,-82,-50,-68,-77,-77,31,18.49,7.76,7.86
US,United States,New York,New York County,,,36061,ChIJOwE7_GTtwokRFq0uOwLSE9g,3/31/20,-83,-49,-67,-78,-78,32,18.28,7.21,7.42
US,United States,New York,New York County,,,36061,ChIJOwE7_GTtwokRFq0uOwLSE9g,4/1/20,-82,-46,-62,-78,-77,31,18.44,7.04,7.61
US,United States,New York,New York County,,,36061,ChIJOwE7_GTtwokRFq0uOwLSE9g,4/2/20,-84,-47,-67,-79,-78,33,18.28,6.86,7.53
US,United States,New York,New York County,,,36061,ChIJOwE7_GTtwokRFq0uOwLSE9g,4/3/20,-85,-50,-79,-79,-78,34,19.82,7.09,7.45
US,United States,New York,New York County,,,36061,ChIJOwE7_GTtwokRFq0uOwLSE9g,4/4/20,-85,-43,-62,-77,-57,19,18.3,6.44,8.43
US,United States,New York,New York County,,,36061,ChIJOwE7_GTtwokRFq0uOwLSE9g,4/5/20,-85,-47,-67,-78,-56,18,16.39,6.15,6.93
US,United States,New York,New York County,,,36061,ChIJOwE7_GTtwokRFq0uOwLSE9g,4/6/20,-83,-48,-61,-79,-77,31,18.31,6.98,8.41
US,United States,New York,New York County,,,36061,ChIJOwE7_GTtwokRFq0uOwLSE9g,4/7/20,-85,-47,-60,-80,-78,32,18.63,6.6,8.05
US,United States,New York,New York County,,,36061,ChIJOwE7_GTtwokRFq0uOwLSE9g,4/8/20,-87,-49,-65,-81,-79,32,18.69,6.45,7.54
US,United States,New York,New York County,,,36061,ChIJOwE7_GTtwokRFq0uOwLSE9g,4/9/20,-87,-51,-72,-81,-80,34,18.8,6.35,6.78
US,United States,New York,New York County,,,36061,ChIJOwE7_GTtwokRFq0uOwLSE9g,4/10/20,-88,-50,-77,-81,-79,35,20.61,6.82,7.44
US,United States,New York,New York County,,,36061,ChIJOwE7_GTtwokRFq0uOwLSE9g,4/11/20,-86,-42,-61,-78,-55,19,19.92,6.57,8.67
US,United States,New York,New York County,,,36061,ChIJOwE7_GTtwokRFq0uOwLSE9g,4/12/20,-88,-51,-62,-78,-56,18,16.85,5.81,6.96
US,United States,New York,New York County,,,36061,ChIJOwE7_GTtwokRFq0uOwLSE9g,4/13/20,-89,-63,-78,-83,-79,34,18.5,6.58,6.3
US,United States,New York,New York County,,,36061,ChIJOwE7_GTtwokRFq0uOwLSE9g,4/14/20,-85,-45,-60,-79,-77,31,20.27,7.05,8.27
US,United States,New York,New York County,,,36061,ChIJOwE7_GTtwokRFq0uOwLSE9g,4/15/20,-85,-47,-64,-80,-77,32,20.56,6.87,7.98
US,United States,New York,New York County,,,36061,ChIJOwE7_GTtwokRFq0uOwLSE9g,4/16/20,-86,-46,-67,-80,-77,32,20.71,6.87,7.82
US,United States,New York,New York County,,,36061,ChIJOwE7_GTtwokRFq0uOwLSE9g,4/17/20,-87,-48,-73,-80,-76,33,22.73,6.85,8.43
US,United States,New York,New York County,,,36061,ChIJOwE7_GTtwokRFq0uOwLSE9g,4/18/20,-88,-46,-74,-79,-54,20,20.64,6.24,7.51
US,United States,New York,New York County,,,36061,ChIJOwE7_GTtwokRFq0uOwLSE9g,4/19/20,-86,-44,-53,-76,-51,17,21.01,6.48,9.65
US,United States,New York,New York County,,,36061,ChIJOwE7_GTtwokRFq0uOwLSE9g,4/20/20,-85,-49,-65,-79,-76,31,21.43,7.22,8.35
US,United States,New York,New York County,,,36061,ChIJOwE7_GTtwokRFq0uOwLSE9g,4/21/20,-87,-53,-69,-81,-77,32,20.47,6.88,7.49
US,United States,New York,New York County,,,36061,ChIJOwE7_GTtwokRFq0uOwLSE9g,4/22/20,-85,-46,-63,-80,-76,31,22.13,7.01,8.42
US,United States,New York,New York County,,,36061,ChIJOwE7_GTtwokRFq0uOwLSE9g,4/23/20,-86,-47,-68,-80,-77,32,21.91,7.09,7.96
US,United States,New York,New York County,,,36061,ChIJOwE7_GTtwokRFq0uOwLSE9g,4/24/20,-87,-52,-78,-81,-76,34,23.5,6.97,7.95
US,United States,New York,New York County,,,36061,ChIJOwE7_GTtwokRFq0uOwLSE9g,4/25/20,-84,-36,-42,-75,-49,17,26.02,7.26,11.94
US,United States,New York,New York County,,,36061,ChIJOwE7_GTtwokRFq0uOwLSE9g,4/26/20,-89,-54,-80,-79,-55,19,19.39,6.35,6.23
US,United States,New York,New York County,,,36061,ChIJOwE7_GTtwokRFq0uOwLSE9g,4/27/20,-84,-49,-69,-79,-75,31,21.95,7.35,7.94
US,United States,New York,New York County,,,36061,ChIJOwE7_GTtwokRFq0uOwLSE9g,4/28/20,-83,-41,-42,-78,-75,23,25.24,7.92,10.64
US,United States,New York,New York County,,,36061,ChIJOwE7_GTtwokRFq0uOwLSE9g,4/29/20,-85,-47,-65,-79,-76,31,23.19,7.66,8.43
US,United States,New York,New York County,,,36061,ChIJOwE7_GTtwokRFq0uOwLSE9g,4/30/20,-85,-49,-71,-80,-77,32,23.48,7.39,7.98
US,United States,New York,New York County,,,36061,ChIJOwE7_GTtwokRFq0uOwLSE9g,5/1/20,-84,-43,-66,-78,-74,31,27.37,8.29,10.09
US,United States,New York,New York County,,,36061,ChIJOwE7_GTtwokRFq0uOwLSE9g,5/2/20,-81,-31,-28,-73,-45,15,30.13,8.35,14.87
US,United States,New York,New York County,,,36061,ChIJOwE7_GTtwokRFq0uOwLSE9g,5/3/20,-82,-38,-36,-74,-47,14,26.34,7.93,12.69
US,United States,New York,New York County,,,36061,ChIJOwE7_GTtwokRFq0uOwLSE9g,5/4/20,-81,-43,-57,-77,-74,29,26.45,8.8,10.21
US,United States,New York,New York County,,,36061,ChIJOwE7_GTtwokRFq0uOwLSE9g,5/5/20,-81,-39,-51,-77,-74,29,27.3,8.82,11
US,United States,New York,New York County,,,36061,ChIJOwE7_GTtwokRFq0uOwLSE9g,5/6/20,-84,-47,-68,-78,-75,31,25.22,8.37,8.52
US,United States,New York,New York County,,,36061,ChIJOwE7_GTtwokRFq0uOwLSE9g,5/7/20,-81,-36,-45,-76,-74,29,27.84,8.79,11.25
US,United States,New York,New York County,,,36061,ChIJOwE7_GTtwokRFq0uOwLSE9g,5/8/20,-84,-45,-74,-78,-73,32,28,8.14,9.21
US,United States,New York,New York County,,,36061,ChIJOwE7_GTtwokRFq0uOwLSE9g,5/9/20,-83,-33,-63,-75,-48,17,27.43,7.98,9.63
US,United States,New York,New York County,,,36061,ChIJOwE7_GTtwokRFq0uOwLSE9g,5/10/20,-81,-36,-45,-73,-46,14,25.53,7.29,10.42
US,United States,New York,New York County,,,36061,ChIJOwE7_GTtwokRFq0uOwLSE9g,5/11/20,-82,-49,-65,-77,-73,29,,7.66,8.54
US,United States,New York,New York County,,,36061,ChIJOwE7_GTtwokRFq0uOwLSE9g,5/12/20,-81,-38,-49,-76,-73,28,,6.63,7.44
US,United States,New York,New York County,,,36061,ChIJOwE7_GTtwokRFq0uOwLSE9g,5/13/20,-81,-39,-46,-75,-73,28,29.18,9.15,11.3
US,United States,New York,New York County,,,36061,ChIJOwE7_GTtwokRFq0uOwLSE9g,5/14/20,-80,-39,-45,-76,-73,29,30.44,9.15,11.51
US,United States,New York,New York County,,,36061,ChIJOwE7_GTtwokRFq0uOwLSE9g,5/15/20,-80,-39,-46,-74,-71,28,36.01,10.08,14.78
US,United States,New York,New York County,,,36061,ChIJOwE7_GTtwokRFq0uOwLSE9g,5/16/20,-79,-32,-26,-71,-43,13,35.09,9.65,16.73
US,United States,New York,New York County,,,36061,ChIJOwE7_GTtwokRFq0uOwLSE9g,5/17/20,-80,-37,-37,-72,-44,13,29.32,8.65,12.39
US,United States,New York,New York County,,,36061,ChIJOwE7_GTtwokRFq0uOwLSE9g,5/18/20,-79,-42,-52,-75,-71,28,30.37,9.93,11.72
US,United States,New York,New York County,,,36061,ChIJOwE7_GTtwokRFq0uOwLSE9g,5/19/20,-79,-38,-46,-74,-72,28,31.91,9.93,12.65
US,United States,New York,New York County,,,36061,ChIJOwE7_GTtwokRFq0uOwLSE9g,5/20/20,-79,-38,-43,-74,-71,27,32.87,9.95,12.55
US,United States,New York,New York County,,,36061,ChIJOwE7_GTtwokRFq0uOwLSE9g,5/21/20,-78,-35,-40,-74,-71,27,34.93,10.16,13.59
US,United States,New York,New York County,,,36061,ChIJOwE7_GTtwokRFq0uOwLSE9g,5/22/20,-79,-38,-51,-73,-69,27,39.5,10.5,14.4
US,United States,New York,New York County,,,36061,ChIJOwE7_GTtwokRFq0uOwLSE9g,5/23/20,-83,-43,-67,-75,-44,17,30.65,8.89,10.32
US,United States,New York,New York County,,,36061,ChIJOwE7_GTtwokRFq0uOwLSE9g,5/24/20,-78,-34,-29,-70,-41,11,33.82,9.99,15.23
US,United States,New York,New York County,,,36061,ChIJOwE7_GTtwokRFq0uOwLSE9g,5/25/20,-81,-48,-30,-80,-80,26,32.03,10.05,14.32
US,United States,New York,New York County,,,36061,ChIJOwE7_GTtwokRFq0uOwLSE9g,5/26/20,-77,-37,-32,-72,-69,25,36.65,11.6,15.2
US,United States,New York,New York County,,,36061,ChIJOwE7_GTtwokRFq0uOwLSE9g,5/27/20,-77,-36,-32,-72,-69,26,37.29,11.53,14.99
US,United States,New York,New York County,,,36061,ChIJOwE7_GTtwokRFq0uOwLSE9g,5/28/20,-78,-36,-45,-73,-70,27,36.24,11.07,13.79
US,United States,New York,New York County,,,36061,ChIJOwE7_GTtwokRFq0uOwLSE9g,5/29/20,-79,-38,-49,-72,-68,27,40.02,11.69,15.85
US,United States,New York,New York County,,,36061,ChIJOwE7_GTtwokRFq0uOwLSE9g,5/30/20,-76,-27,-15,-66,-30,11,42.63,12.83,20.11
US,United States,New York,New York County,,,36061,ChIJOwE7_GTtwokRFq0uOwLSE9g,5/31/20,-77,-33,-26,-67,-32,11,36.36,10.91,17.72
US,United States,New York,New York County,,,36061,ChIJOwE7_GTtwokRFq0uOwLSE9g,6/1/20,-76,-38,-42,-71,-68,25,40.16,12.52,18.29
US,United States,New York,New York County,,,36061,ChIJOwE7_GTtwokRFq0uOwLSE9g,6/2/20,-78,-38,-38,-72,-69,27,38.23,14.19,18.71
US,United States,New York,New York County,,,36061,ChIJOwE7_GTtwokRFq0uOwLSE9g,6/3/20,-79,-40,-47,-73,-69,27,32.66,10.92,12.03
US,United States,New York,New York County,,,36061,ChIJOwE7_GTtwokRFq0uOwLSE9g,6/4/20,-78,-35,-36,-72,-68,26,37.28,12.41,14.9
US,United States,New York,New York County,,,36061,ChIJOwE7_GTtwokRFq0uOwLSE9g,6/5/20,-80,-41,-60,-73,-67,28,37.76,12.14,13.27
US,United States,New York,New York County,,,36061,ChIJOwE7_GTtwokRFq0uOwLSE9g,6/6/20,-78,-32,-28,-66,-31,12,38.48,13.6,17.23
US,United States,New York,New York County,,,36061,ChIJOwE7_GTtwokRFq0uOwLSE9g,6/7/20,-76,-32,-20,-65,-31,9,35.12,12.52,15.81
US,United States,New York,New York County,,,36061,ChIJOwE7_GTtwokRFq0uOwLSE9g,6/8/20,-74,-35,-32,-68,-65,23,40.92,15.42,17.83
US,United States,New York,New York County,,,36061,ChIJOwE7_GTtwokRFq0uOwLSE9g,6/9/20,-74,-33,-26,-69,-66,23,42.39,15.48,18.45
US,United States,New York,New York County,,,36061,ChIJOwE7_GTtwokRFq0uOwLSE9g,6/10/20,-75,-33,-30,-69,-66,23,42.72,15.21,17.99
US,United States,New York,New York County,,,36061,ChIJOwE7_GTtwokRFq0uOwLSE9g,6/11/20,-77,-36,-47,-71,-67,26,41.1,14.36,15.68
US,United States,New York,New York County,,,36061,ChIJOwE7_GTtwokRFq0uOwLSE9g,6/12/20,-74,-31,-35,-67,-63,23,51.9,17.31,22.16
US,United States,New York,New York County,,,36061,ChIJOwE7_GTtwokRFq0uOwLSE9g,6/13/20,-74,-26,-13,-62,-25,9,46.41,16.23,23.18
US,United States,New York,New York County,,,36061,ChIJOwE7_GTtwokRFq0uOwLSE9g,6/14/20,-74,-31,-20,-63,-27,9,39.64,14.21,18.26
US,United States,New York,New York County,,,36061,ChIJOwE7_GTtwokRFq0uOwLSE9g,6/15/20,-73,-34,-36,-67,-65,23,44.6,16.23,19.17
US,United States,New York,New York County,,,36061,ChIJOwE7_GTtwokRFq0uOwLSE9g,6/16/20,-73,-30,-25,-67,-65,23,46.43,16.74,20.63
US,United States,New York,New York County,,,36061,ChIJOwE7_GTtwokRFq0uOwLSE9g,6/17/20,-73,-32,-28,-67,-65,23,46.94,17.02,20.46
US,United States,New York,New York County,,,36061,ChIJOwE7_GTtwokRFq0uOwLSE9g,6/18/20,-73,-30,-31,-67,-65,23,48.08,17.24,20.89
US,United States,New York,New York County,,,36061,ChIJOwE7_GTtwokRFq0uOwLSE9g,6/19/20,-73,-31,-29,-65,-63,21,59.63,20.91,27.16
US,United States,New York,New York County,,,36061,ChIJOwE7_GTtwokRFq0uOwLSE9g,6/20/20,-74,-27,-18,-61,-24,8,48.31,17.07,22.32
US,United States,New York,New York County,,,36061,ChIJOwE7_GTtwokRFq0uOwLSE9g,6/21/20,-74,-32,-23,-62,-25,7,39.81,14.61,17.03
US,United States,New York,New York County,,,36061,ChIJOwE7_GTtwokRFq0uOwLSE9g,6/22/20,-69,-35,-33,-65,-66,21,50.45,19.47,22.51
US,United States,New York,New York County,,,36061,ChIJOwE7_GTtwokRFq0uOwLSE9g,6/23/20,-68,-28,-23,-64,-65,21,53.66,20.46,25.02
US,United States,New York,New York County,,,36061,ChIJOwE7_GTtwokRFq0uOwLSE9g,6/24/20,-69,-29,-25,-63,-64,21,54.24,20.85,24.91
US,United States,New York,New York County,,,36061,ChIJOwE7_GTtwokRFq0uOwLSE9g,6/25/20,-68,-27,-24,-63,-64,21,56.2,21.15,26.38
US,United States,New York,New York County,,,36061,ChIJOwE7_GTtwokRFq0uOwLSE9g,6/26/20,-69,-30,-31,-62,-62,20,63.8,23.44,30.23
US,United States,New York,New York County,,,36061,ChIJOwE7_GTtwokRFq0uOwLSE9g,6/27/20,-72,-29,-37,-60,-27,9,51.32,19.55,23.82
US,United States,New York,New York County,,,36061,ChIJOwE7_GTtwokRFq0uOwLSE9g,6/28/20,-69,-30,-25,-58,-24,8,48.62,19.13,23.5
US,United States,New York,New York County,,,36061,ChIJOwE7_GTtwokRFq0uOwLSE9g,6/29/20,-65,-32,-31,-62,-63,20,54.82,22.13,26.3
US,United States,New York,New York County,,,36061,ChIJOwE7_GTtwokRFq0uOwLSE9g,6/30/20,-65,-30,-26,-63,-64,21,56.48,21.53,25.87
US,United States,New York,New York County,,,36061,ChIJOwE7_GTtwokRFq0uOwLSE9g,7/1/20,-66,-29,-33,-63,-64,20,57.59,21.61,25.46
US,United States,New York,New York County,,,36061,ChIJOwE7_GTtwokRFq0uOwLSE9g,7/2/20,-63,-23,-20,-61,-63,18,65.9,25.22,30.13
US,United States,New York,New York County,,,36061,ChIJOwE7_GTtwokRFq0uOwLSE9g,7/3/20,-71,-34,-49,-68,-70,21,51.36,20.64,23.75
US,United States,New York,New York County,,,36061,ChIJOwE7_GTtwokRFq0uOwLSE9g,7/4/20,-73,-38,-13,-62,-32,6,47.63,20.75,25.2
US,United States,New York,New York County,,,36061,ChIJOwE7_GTtwokRFq0uOwLSE9g,7/5/20,-70,-35,-32,-59,-29,5,44.75,17.81,20.8
US,United States,New York,New York County,,,36061,ChIJOwE7_GTtwokRFq0uOwLSE9g,7/6/20,-68,-37,-45,-64,-66,21,51.4,21.27,23.21
US,United States,New York,New York County,,,36061,ChIJOwE7_GTtwokRFq0uOwLSE9g,7/7/20,-65,-25,-27,-62,-65,20,56.17,22.8,28.19
US,United States,New York,New York County,,,36061,ChIJOwE7_GTtwokRFq0uOwLSE9g,7/8/20,-66,-28,-33,-63,-64,21,57.05,23.34,27.71
US,United States,New York,New York County,,,36061,ChIJOwE7_GTtwokRFq0uOwLSE9g,7/9/20,-64,-24,-22,-60,-64,20,63.26,26.62,33.2
US,United States,New York,New York County,,,36061,ChIJOwE7_GTtwokRFq0uOwLSE9g,7/10/20,-76,-46,-66,-66,-66,25,54.24,20.04,21.3
US,United States,New York,New York County,,,36061,ChIJOwE7_GTtwokRFq0uOwLSE9g,7/11/20,-67,-23,-37,-59,-24,9,56.15,22.62,28.84
US,United States,New York,New York County,,,36061,ChIJOwE7_GTtwokRFq0uOwLSE9g,7/12/20,-64,-25,-16,-55,-26,5,55.36,23.42,30.39
US,United States,New York,New York County,,,36061,ChIJOwE7_GTtwokRFq0uOwLSE9g,7/13/20,-63,-29,-28,-62,-64,20,57.62,24.31,29.68
US,United States,New York,New York County,,,36061,ChIJOwE7_GTtwokRFq0uOwLSE9g,7/14/20,-62,-25,-18,-61,-64,19,61.6,26.3,33.2
US,United States,New York,New York County,,,36061,ChIJOwE7_GTtwokRFq0uOwLSE9g,7/15/20,-62,-27,-18,-61,-63,19,63.9,26.23,34.23
US,United States,New York,New York County,,,36061,ChIJOwE7_GTtwokRFq0uOwLSE9g,7/16/20,-62,-25,-20,-61,-63,20,64.79,26.61,34.75
US,United States,New York,New York County,,,36061,ChIJOwE7_GTtwokRFq0uOwLSE9g,7/17/20,-65,-31,-39,-61,-62,20,70.14,27.73,35.84
US,United States,New York,New York County,,,36061,ChIJOwE7_GTtwokRFq0uOwLSE9g,7/18/20,-64,-27,-16,-55,-24,6,67.4,29.45,38.48
US,United States,New York,New York County,,,36061,ChIJOwE7_GTtwokRFq0uOwLSE9g,7/19/20,-67,-33,-30,-58,-29,6,54.24,24,27.13
US,United States,New York,New York County,,,36061,ChIJOwE7_GTtwokRFq0uOwLSE9g,7/20/20,-64,-34,-35,-62,-65,20,58.37,25.07,28.67
US,United States,New York,New York County,,,36061,ChIJOwE7_GTtwokRFq0uOwLSE9g,7/21/20,-63,-29,-24,-61,-64,20,62.49,27.32,32.78
US,United States,New York,New York County,,,36061,ChIJOwE7_GTtwokRFq0uOwLSE9g,7/22/20,-66,-34,-38,-62,-64,21,60.67,25.12,29.03
US,United States,New York,New York County,,,36061,ChIJOwE7_GTtwokRFq0uOwLSE9g,7/23/20,-64,-26,-33,-61,-63,20,63.05,25.44,31.34
US,United States,New York,New York County,,,36061,ChIJOwE7_GTtwokRFq0uOwLSE9g,7/24/20,-65,-31,-40,-61,-62,20,72.73,28.27,36
US,United States,New York,New York County,,,36061,ChIJOwE7_GTtwokRFq0uOwLSE9g,7/25/20,-62,-24,-6,-53,-24,5,72.76,32.75,42.56
US,United States,New York,New York County,,,36061,ChIJOwE7_GTtwokRFq0uOwLSE9g,7/26/20,-64,-31,-22,-56,-27,6,58.04,25.79,30.42
US,United States,New York,New York County,,,36061,ChIJOwE7_GTtwokRFq0uOwLSE9g,7/27/20,-63,-33,-33,-61,-64,19,61.74,27.17,31.3
US,United States,New York,New York County,,,36061,ChIJOwE7_GTtwokRFq0uOwLSE9g,7/28/20,-63,-30,-27,-61,-64,20,63.81,27.63,32.84
US,United States,New York,New York County,,,36061,ChIJOwE7_GTtwokRFq0uOwLSE9g,7/29/20,-62,-29,-23,-60,-64,19,67.52,29.7,35.62
US,United States,New York,New York County,,,36061,ChIJOwE7_GTtwokRFq0uOwLSE9g,7/30/20,-63,-28,-27,-61,-64,20,67.58,29.09,34.85
US,United States,New York,New York County,,,36061,ChIJOwE7_GTtwokRFq0uOwLSE9g,7/31/20,-64,-32,-38,-60,-63,19,74.67,30.45,38.71
US,United States,New York,New York County,,,36061,ChIJOwE7_GTtwokRFq0uOwLSE9g,8/1/20,-61,-26,-7,-53,-25,5,72.71,31.57,44.81
US,United States,New York,New York County,,,36061,ChIJOwE7_GTtwokRFq0uOwLSE9g,8/2/20,-65,-33,-32,-59,-30,7,54.81,23.36,28.91
US,United States,New York,New York County,,,36061,ChIJOwE7_GTtwokRFq0uOwLSE9g,8/3/20,-60,-28,-27,-60,-63,18,64.95,28.99,34.85
US,United States,New York,New York County,,,36061,ChIJOwE7_GTtwokRFq0uOwLSE9g,8/4/20,-72,-43,-49,-66,-69,25,52.75,23.93,23.58
US,United States,New York,New York County,,,36061,ChIJOwE7_GTtwokRFq0uOwLSE9g,8/5/20,-60,-24,-14,-59,-63,18,73.94,32.78,40.6
US,United States,New York,New York County,,,36061,ChIJOwE7_GTtwokRFq0uOwLSE9g,8/6/20,-60,-24,-19,-60,-64,19,72.25,30.79,40.09
US,United States,New York,New York County,,,36061,ChIJOwE7_GTtwokRFq0uOwLSE9g,8/7/20,-64,-32,-42,-60,-62,20,75.67,31.71,39.76
US,United States,New York,New York County,,,36061,ChIJOwE7_GTtwokRFq0uOwLSE9g,8/8/20,-60,-24,-6,-54,-25,6,74.25,33.77,48.1
US,United States,New York,New York County,,,36061,ChIJOwE7_GTtwokRFq0uOwLSE9g,8/9/20,-61,-29,-14,-54,-28,5,63.64,29.22,37.57
US,United States,New York,New York County,,,36061,ChIJOwE7_GTtwokRFq0uOwLSE9g,8/10/20,-61,-31,-27,-61,-64,18,66.5,30.36,36.38
US,United States,New York,New York County,,,36061,ChIJOwE7_GTtwokRFq0uOwLSE9g,8/11/20,-61,-28,-20,-60,-64,19,67.63,31.39,38.57
US,United States,New York,New York County,,,36061,ChIJOwE7_GTtwokRFq0uOwLSE9g,8/12/20,-64,-31,-32,-61,-64,20,65.84,28.81,33.69
US,United States,New York,New York County,,,36061,ChIJOwE7_GTtwokRFq0uOwLSE9g,8/13/20,-64,-29,-35,-61,-64,20,66.44,28.42,34.36
US,United States,New York,New York County,,,36061,ChIJOwE7_GTtwokRFq0uOwLSE9g,8/14/20,-62,-28,-25,-58,-62,17,84.04,36.25,47.58
US,United States,New York,New York County,,,36061,ChIJOwE7_GTtwokRFq0uOwLSE9g,8/15/20,-59,-24,4,-51,-27,4,77.25,36.95,51.01
US,United States,New York,New York County,,,36061,ChIJOwE7_GTtwokRFq0uOwLSE9g,8/16/20,-69,-36,-50,-61,-35,9,51.9,22.9,26.3
US,United States,New York,New York County,,,36061,ChIJOwE7_GTtwokRFq0uOwLSE9g,8/17/20,-60,-30,-23,-60,-64,18,67.56,31.96,40.01
US,United States,New York,New York County,,,36061,ChIJOwE7_GTtwokRFq0uOwLSE9g,8/18/20,-60,-27,-12,-59,-63,18,71.94,33.88,44.17
US,United States,New York,New York County,,,36061,ChIJOwE7_GTtwokRFq0uOwLSE9g,8/19/20,-64,-31,-28,-61,-64,19,68.41,31.3,39
US,United States,New York,New York County,,,36061,ChIJOwE7_GTtwokRFq0uOwLSE9g,8/20/20,-59,-24,-12,-58,-63,17,76.02,35.97,46.73
US,United States,New York,New York County,,,36061,ChIJOwE7_GTtwokRFq0uOwLSE9g,8/21/20,-61,-29,-24,-57,-61,17,86.21,39.18,51.86
US,United States,New York,New York County,,,36061,ChIJOwE7_GTtwokRFq0uOwLSE9g,8/22/20,-61,-26,-7,-52,-26,4,80.66,38.17,53.04
US,United States,New York,New York County,,,36061,ChIJOwE7_GTtwokRFq0uOwLSE9g,8/23/20,-61,-30,-20,-54,-29,5,65.77,30.76,40.82
US,United States,New York,New York County,,,36061,ChIJOwE7_GTtwokRFq0uOwLSE9g,8/24/20,-61,-32,-28,-60,-63,18,67.03,32.41,38.49
US,United States,New York,New York County,,,36061,ChIJOwE7_GTtwokRFq0uOwLSE9g,8/25/20,-61,-29,-27,-59,-63,19,68.8,33.12,38.88
US,United States,New York,New York County,,,36061,ChIJOwE7_GTtwokRFq0uOwLSE9g,8/26/20,-59,-27,-13,-58,-62,17,71.89,34.62,43.9
US,United States,New York,New York County,,,36061,ChIJOwE7_GTtwokRFq0uOwLSE9g,8/27/20,-62,-28,-24,-59,-63,19,72.27,31.44,38.3
US,United States,New York,New York County,,,36061,ChIJOwE7_GTtwokRFq0uOwLSE9g,8/28/20,-62,-30,-30,-58,-61,17,80.9,37.26,48.48
US,United States,New York,New York County,,,36061,ChIJOwE7_GTtwokRFq0uOwLSE9g,8/29/20,-64,-28,-30,-57,-29,8,68.07,32.53,43.45
US,United States,New York,New York County,,,36061,ChIJOwE7_GTtwokRFq0uOwLSE9g,8/30/20,-57,-26,1,-50,-27,3,72.43,34.42,47.26
US,United States,New York,New York County,,,36061,ChIJOwE7_GTtwokRFq0uOwLSE9g,8/31/20,-59,-31,-24,-59,-63,18,67.36,31.03,40.37
US,United States,New York,New York County,,,36061,ChIJOwE7_GTtwokRFq0uOwLSE9g,9/1/20,-60,-26,-24,-58,-63,18,70.54,32.17,43.8
US,United States,New York,New York County,,,36061,ChIJOwE7_GTtwokRFq0uOwLSE9g,9/2/20,-62,-29,-29,-59,-63,19,68.9,32.13,41.31
US,United States,New York,New York County,,,36061,ChIJOwE7_GTtwokRFq0uOwLSE9g,9/3/20,-60,-24,-24,-56,-62,18,74.21,34.33,43.67
US,United States,New York,New York County,,,36061,ChIJOwE7_GTtwokRFq0uOwLSE9g,9/4/20,-59,-27,-24,-55,-61,15,90.49,41.75,57.69
US,United States,New York,New York County,,,36061,ChIJOwE7_GTtwokRFq0uOwLSE9g,9/5/20,-58,-24,2,-49,-26,3,85.52,42.47,64.6
US,United States,New York,New York County,,,36061,ChIJOwE7_GTtwokRFq0uOwLSE9g,9/6/20,-57,-28,-3,-49,-27,3,73.46,35.61,53.62
US,United States,New York,New York County,,,36061,ChIJOwE7_GTtwokRFq0uOwLSE9g,9/7/20,-65,-42,-16,-70,-77,17,63.63,32.93,42.8
US,United States,New York,New York County,,,36061,ChIJOwE7_GTtwokRFq0uOwLSE9g,9/8/20,-60,-24,-20,-56,-62,16,68.77,33.45,41.94
US,United States,New York,New York County,,,36061,ChIJOwE7_GTtwokRFq0uOwLSE9g,9/9/20,-60,-25,-20,-56,-61,17,70.77,34.51,42.81
US,United States,New York,New York County,,,36061,ChIJOwE7_GTtwokRFq0uOwLSE9g,9/10/20,-64,-27,-38,-58,-63,20,67.76,31.49,36.95
US,United States,New York,New York County,,,36061,ChIJOwE7_GTtwokRFq0uOwLSE9g,9/11/20,-58,-24,-20,-54,-59,16,92.44,44.98,61.76
US,United States,New York,New York County,,,36061,ChIJOwE7_GTtwokRFq0uOwLSE9g,9/12/20,-55,-20,2,-47,-24,4,91.43,47.16,70.05
US,United States,New York,New York County,,,36061,ChIJOwE7_GTtwokRFq0uOwLSE9g,9/13/20,-58,-24,-19,-51,-26,6,67.2,33.55,46.13
US,United States,New York,New York County,,,36061,ChIJOwE7_GTtwokRFq0uOwLSE9g,9/14/20,-58,-27,-27,-56,-59,18,67.34,33.28,41.19
US,United States,New York,New York County,,,36061,ChIJOwE7_GTtwokRFq0uOwLSE9g,9/15/20,-58,-24,-24,-55,-59,18,70.08,34.41,43.22
US,United States,New York,New York County,,,36061,ChIJOwE7_GTtwokRFq0uOwLSE9g,9/16/20,-59,-27,-20,-56,-59,17,71.08,35.05,44.54
US,United States,New York,New York County,,,36061,ChIJOwE7_GTtwokRFq0uOwLSE9g,9/17/20,-58,-24,-21,-56,-59,18,75.21,36.97,46.61
US,United States,New York,New York County,,,36061,ChIJOwE7_GTtwokRFq0uOwLSE9g,9/18/20,-58,-27,-31,-54,-57,17,88.57,43.16,58.3
US,United States,New York,New York County,,,36061,ChIJOwE7_GTtwokRFq0uOwLSE9g,9/19/20,-54,-22,-4,-46,-23,4,92.23,49.02,71.9
US,United States,New York,New York County,,,36061,ChIJOwE7_GTtwokRFq0uOwLSE9g,9/20/20,-56,-28,-20,-49,-25,5,70.66,38.58,48.6
US,United States,New York,New York County,,,36061,ChIJOwE7_GTtwokRFq0uOwLSE9g,9/21/20,-58,-29,-33,-55,-60,18,64.5,33.31,40.25
US,United States,New York,New York County,,,36061,ChIJOwE7_GTtwokRFq0uOwLSE9g,9/22/20,-57,-26,-27,-56,-59,18,67.25,34.02,43.12
US,United States,New York,New York County,,,36061,ChIJOwE7_GTtwokRFq0uOwLSE9g,9/23/20,-57,-25,-20,-55,-58,17,71.42,36.43,46.64
US,United States,New York,New York County,,,36061,ChIJOwE7_GTtwokRFq0uOwLSE9g,9/24/20,-57,-23,-25,-55,-59,18,75.09,37.5,47.54
US,United States,New York,New York County,,,36061,ChIJOwE7_GTtwokRFq0uOwLSE9g,9/25/20,-56,-26,-29,-54,-57,16,92.45,46.58,64.29
US,United States,New York,New York County,,,36061,ChIJOwE7_GTtwokRFq0uOwLSE9g,9/26/20,-54,-23,-7,-46,-23,4,93.9,51.55,76.98
US,United States,New York,New York County,,,36061,ChIJOwE7_GTtwokRFq0uOwLSE9g,9/27/20,-56,-27,-21,-49,-23,5,69.94,37.66,50.41
US,United States,New York,New York County,,,36061,ChIJOwE7_GTtwokRFq0uOwLSE9g,9/28/20,-58,-31,-31,-58,-61,18,62.97,34.02,42.29
US,United States,New York,New York County,,,36061,ChIJOwE7_GTtwokRFq0uOwLSE9g,9/29/20,-61,-30,-45,-57,-59,19,62.63,31.32,35.63
US,United States,New York,New York County,,,36061,ChIJOwE7_GTtwokRFq0uOwLSE9g,9/30/20,-57,-23,-28,-56,-58,17,67.7,34.67,42.67
US,United States,New York,New York County,,,36061,ChIJOwE7_GTtwokRFq0uOwLSE9g,10/1/20,-55,-18,-23,-55,-56,17,75.01,38.65,48.8
US,United States,New York,New York County,,,36061,ChIJOwE7_GTtwokRFq0uOwLSE9g,10/2/20,-57,-24,-39,-54,-56,17,86.76,45.09,59.2
US,United States,New York,New York County,,,36061,ChIJOwE7_GTtwokRFq0uOwLSE9g,10/3/20,-52,-18,-6,-44,-22,4,93.49,51.49,76.93
US,United States,New York,New York County,,,36061,ChIJOwE7_GTtwokRFq0uOwLSE9g,10/4/20,-55,-25,-25,-50,-24,5,67.8,36.26,49.43
US,United States,New York,New York County,,,36061,ChIJOwE7_GTtwokRFq0uOwLSE9g,10/5/20,-57,-25,-32,-56,-58,17,62.92,33.25,40.48
US,United States,New York,New York County,,,36061,ChIJOwE7_GTtwokRFq0uOwLSE9g,10/6/20,-57,-21,-25,-55,-58,17,65.86,34.74,43.19
US,United States,New York,New York County,,,36061,ChIJOwE7_GTtwokRFq0uOwLSE9g,10/7/20,-59,-26,-30,-56,-57,18,65.88,34.67,42.55
US,United States,New York,New York County,,,36061,ChIJOwE7_GTtwokRFq0uOwLSE9g,10/8/20,-58,-22,-27,-54,-58,18,72.7,39.27,47.14
US,United States,New York,New York County,,,36061,ChIJOwE7_GTtwokRFq0uOwLSE9g,10/9/20,-58,-25,-31,-54,-56,16,91.51,47.15,63.63
US,United States,New York,New York County,,,36061,ChIJOwE7_GTtwokRFq0uOwLSE9g,10/10/20,-54,-22,-5,-44,-22,4,98.17,53.52,79.84
US,United States,New York,New York County,,,36061,ChIJOwE7_GTtwokRFq0uOwLSE9g,10/11/20,-57,-29,-29,-50,-24,6,67.74,37.24,51.37
US,United States,New York,New York County,,,36061,ChIJOwE7_GTtwokRFq0uOwLSE9g,10/12/20,-69,-48,-67,-66,-67,22,53.09,28.71,29.16
US,United States,New York,New York County,,,36061,ChIJOwE7_GTtwokRFq0uOwLSE9g,10/13/20,-62,-28,-45,-57,-59,19,60.68,32.03,35.65
US,United States,New York,New York County,,,36061,ChIJOwE7_GTtwokRFq0uOwLSE9g,10/14/20,-57,-22,-22,-53,-56,17,69.48,37.49,46.2
US,United States,New York,New York County,,,36061,ChIJOwE7_GTtwokRFq0uOwLSE9g,10/15/20,-56,-20,-19,-52,-57,17,75.46,39.94,50.32
US,United States,New York,New York County,,,36061,ChIJOwE7_GTtwokRFq0uOwLSE9g,10/16/20,-67,-39,-62,-57,-58,21,75.19,38.47,43.15
US,United States,New York,New York County,,,36061,ChIJOwE7_GTtwokRFq0uOwLSE9g,10/17/20,-52,-17,-11,-44,-22,5,95.37,54.28,81.32
US,United States,New York,New York County,,,36061,ChIJOwE7_GTtwokRFq0uOwLSE9g,10/18/20,-55,-26,-25,-48,-23,5,70.43,38.53,52.32
US,United States,New York,New York County,,,36061,ChIJOwE7_GTtwokRFq0uOwLSE9g,10/19/20,-59,-28,-34,-54,-57,18,63.56,34.65,40.84
US,United States,New York,New York County,,,36061,ChIJOwE7_GTtwokRFq0uOwLSE9g,10/20/20,-59,-25,-32,-54,-57,18,64.54,35.01,41.71
US,United States,New York,New York County,,,36061,ChIJOwE7_GTtwokRFq0uOwLSE9g,10/21/20,-58,-24,-28,-55,-56,18,67.27,36.63,44.48
US,United States,New York,New York County,,,36061,ChIJOwE7_GTtwokRFq0uOwLSE9g,10/22/20,-57,-20,-27,-54,-56,18,71.58,38.97,47.92
US,United States,New York,New York County,,,36061,ChIJOwE7_GTtwokRFq0uOwLSE9g,10/23/20,-56,-23,-35,-54,-55,17,87.68,48.25,64.79
US,United States,New York,New York County,,,36061,ChIJOwE7_GTtwokRFq0uOwLSE9g,10/24/20,-52,-18,-11,-46,-22,5,91.94,52.32,78.03
US,United States,New York,New York County,,,36061,ChIJOwE7_GTtwokRFq0uOwLSE9g,10/25/20,-56,-26,-36,-49,-25,6,67.08,36.2,47.9
US,United States,New York,New York County,,,36061,ChIJOwE7_GTtwokRFq0uOwLSE9g,10/26/20,-60,-30,-49,-57,-58,19,60.78,32.7,37.44
US,United States,New York,New York County,,,36061,ChIJOwE7_GTtwokRFq0uOwLSE9g,10/27/20,-57,-22,-32,-55,-57,18,63.33,35.23,42
US,United States,New York,New York County,,,36061,ChIJOwE7_GTtwokRFq0uOwLSE9g,10/28/20,-60,-27,-42,-56,-56,18,64.01,35.22,41.24
US,United States,New York,New York County,,,36061,ChIJOwE7_GTtwokRFq0uOwLSE9g,10/29/20,-66,-37,-60,-59,-59,21,64.01,33.33,34.14
US,United States,New York,New York County,,,36061,ChIJOwE7_GTtwokRFq0uOwLSE9g,10/30/20,-62,-27,-59,-57,-57,19,77.63,42.74,49.99
US,United States,New York,New York County,,,36061,ChIJOwE7_GTtwokRFq0uOwLSE9g,10/31/20,-53,-14,-20,-46,-21,5,83.02,51.93,67.67
US,United States,New York,New York County,,,36061,ChIJOwE7_GTtwokRFq0uOwLSE9g,11/1/20,-63,-33,-57,-54,-27,8,56.57,31.96,35.8
US,United States,New York,New York County,,,36061,ChIJOwE7_GTtwokRFq0uOwLSE9g,11/2/20,-59,-26,-51,-57,-57,18,57.3,32.52,35.01
US,United States,New York,New York County,,,36061,ChIJOwE7_GTtwokRFq0uOwLSE9g,11/3/20,-61,-22,-46,-59,-61,19,50.95,28.92,32.78
US,United States,New York,New York County,,,36061,ChIJOwE7_GTtwokRFq0uOwLSE9g,11/4/20,-62,-29,-38,-58,-57,19,52.03,29.25,32.74
US,United States,New York,New York County,,,36061,ChIJOwE7_GTtwokRFq0uOwLSE9g,11/5/20,-59,-23,-31,-55,-56,18,60.44,34.95,40.29
US,United States,New York,New York County,,,36061,ChIJOwE7_GTtwokRFq0uOwLSE9g,11/6/20,-58,-26,-37,-54,-54,17,76.27,44.01,56.3
US,United States,New York,New York County,,,36061,ChIJOwE7_GTtwokRFq0uOwLSE9g,11/7/20,-50,-19,8,-42,-19,4,85.15,52.4,77.77
US,United States,New York,New York County,,,36061,ChIJOwE7_GTtwokRFq0uOwLSE9g,11/8/20,-52,-24,-13,-45,-21,5,65.22,38.78,52.32
US,United States,New York,New York County,,,36061,ChIJOwE7_GTtwokRFq0uOwLSE9g,11/9/20,-58,-27,-31,-55,-55,18,57.17,33.72,39.67
US,United States,New York,New York County,,,36061,ChIJOwE7_GTtwokRFq0uOwLSE9g,11/10/20,-57,-23,-24,-54,-55,17,61.6,35.8,42.63
US,United States,New York,New York County,,,36061,ChIJOwE7_GTtwokRFq0uOwLSE9g,11/11/20,-64,-35,-49,-61,-61,21,55.53,32.26,35.61
US,United States,New York,New York County,,,36061,ChIJOwE7_GTtwokRFq0uOwLSE9g,11/12/20,-63,-28,-53,-57,-57,21,56.45,32.41,34.61
US,United States,New York,New York County,,,36061,ChIJOwE7_GTtwokRFq0uOwLSE9g,11/13/20,-61,-27,-55,-56,-55,20,71.13,41.5,49.03
US,United States,New York,New York County,,,36061,ChIJOwE7_GTtwokRFq0uOwLSE9g,11/14/20,-54,-18,-23,-46,-21,6,80.46,51.41,69.58
US,United States,New York,New York County,,,36061,ChIJOwE7_GTtwokRFq0uOwLSE9g,11/15/20,-60,-29,-45,-52,-25,8,54.61,33.34,39.47
US,United States,New York,New York County,,,36061,ChIJOwE7_GTtwokRFq0uOwLSE9g,11/16/20,-59,-29,-44,-56,-56,19,54.96,31.96,35.41
US,United States,New York,New York County,,,36061,ChIJOwE7_GTtwokRFq0uOwLSE9g,11/17/20,-61,-27,-47,-55,-57,19,55.17,32.73,34.56
US,United States,New York,New York County,,,36061,ChIJOwE7_GTtwokRFq0uOwLSE9g,11/18/20,-63,-31,-50,-57,-56,20,56.33,31.94,32.77
US,United States,New York,New York County,,,36061,ChIJOwE7_GTtwokRFq0uOwLSE9g,11/19/20,-61,-24,-44,-56,-58,20,58.37,33.61,37.07
US,United States,New York,New York County,,,36061,ChIJOwE7_GTtwokRFq0uOwLSE9g,11/20/20,-60,-26,-41,-55,-56,19,72.36,42.47,51.76
US,United States,New York,New York County,,,36061,ChIJOwE7_GTtwokRFq0uOwLSE9g,11/21/20,-55,-20,-18,-46,-20,7,74.23,45.9,61.18
US,United States,New York,New York County,,,36061,ChIJOwE7_GTtwokRFq0uOwLSE9g,11/22/20,-60,-29,-48,-53,-23,8,52.31,31.6,36.45
US,United States,New York,New York County,,,36061,ChIJOwE7_GTtwokRFq0uOwLSE9g,11/23/20,-61,-30,-50,-58,-58,20,54.17,30.3,32.61
US,United States,New York,New York County,,,36061,ChIJOwE7_GTtwokRFq0uOwLSE9g,11/24/20,-59,-20,-40,-55,-57,18,58.8,31.93,36.36
US,United States,New York,New York County,,,36061,ChIJOwE7_GTtwokRFq0uOwLSE9g,11/25/20,-58,-13,-38,-57,-58,16,61.05,31.46,37.75
US,United States,New York,New York County,,,36061,ChIJOwE7_GTtwokRFq0uOwLSE9g,11/26/20,-83,-50,-54,-77,-80,24,32.8,18.45,18.93
US,United States,New York,New York County,,,36061,ChIJOwE7_GTtwokRFq0uOwLSE9g,11/27/20,-65,-43,-41,-67,-68,20,54.37,30.11,42.68
US,United States,New York,New York County,,,36061,ChIJOwE7_GTtwokRFq0uOwLSE9g,11/28/20,-59,-32,-25,-52,-22,8,60.22,34.1,46.79
US,United States,New York,New York County,,,36061,ChIJOwE7_GTtwokRFq0uOwLSE9g,11/29/20,-58,-32,-31,-51,-22,6,52.74,28.73,36.17
US,United States,New York,New York County,,,36061,ChIJOwE7_GTtwokRFq0uOwLSE9g,11/30/20,-68,-45,-62,-61,-61,22,46.5,25.3,24.6
US,United States,New York,New York County,,,36061,ChIJOwE7_GTtwokRFq0uOwLSE9g,12/1/20,-61,-24,-45,-56,-58,19,51.17,29.84,31.69
US,United States,New York,New York County,,,36061,ChIJOwE7_GTtwokRFq0uOwLSE9g,12/2/20,-63,-30,-49,-59,-57,20,51.98,29.8,32.07
US,United States,New York,New York County,,,36061,ChIJOwE7_GTtwokRFq0uOwLSE9g,12/3/20,-61,-24,-40,-57,-57,20,55.66,32.23,37.92
US,United States,New York,New York County,,,36061,ChIJOwE7_GTtwokRFq0uOwLSE9g,12/4/20,-64,-30,-56,-58,-56,21,62.71,35.49,42.46
US,United States,New York,New York County,,,36061,ChIJOwE7_GTtwokRFq0uOwLSE9g,12/5/20,-62,-30,-48,-55,-25,11,62.82,38.51,47.84
US,United States,New York,New York County,,,36061,ChIJOwE7_GTtwokRFq0uOwLSE9g,12/6/20,-57,-28,-41,-52,-23,8,56.09,34.99,41.22
US,United States,New York,New York County,,,36061,ChIJOwE7_GTtwokRFq0uOwLSE9g,12/7/20,-61,-30,-50,-58,-58,20,50.93,29.99,32.81
US,United States,New York,New York County,,,36061,ChIJOwE7_GTtwokRFq0uOwLSE9g,12/8/20,-63,-29,-51,-59,-57,20,51.26,29.7,31.82
US,United States,New York,New York County,,,36061,ChIJOwE7_GTtwokRFq0uOwLSE9g,12/9/20,-64,-32,-51,-59,-57,21,53.16,30.28,31.9
US,United States,New York,New York County,,,36061,ChIJOwE7_GTtwokRFq0uOwLSE9g,12/10/20,-61,-24,-37,-57,-57,20,58.78,33.27,39.56
US,United States,New York,New York County,,,36061,ChIJOwE7_GTtwokRFq0uOwLSE9g,12/11/20,-60,-27,-39,-57,-55,19,72.07,40.85,55.78
US,United States,New York,New York County,,,36061,ChIJOwE7_GTtwokRFq0uOwLSE9g,12/12/20,-58,-25,-25,-51,-22,9,74.12,43.17,63.8
US,United States,New York,New York County,,,36061,ChIJOwE7_GTtwokRFq0uOwLSE9g,12/13/20,-52,-25,-13,-49,-21,7,65.36,36.28,53.6
US,United States,New York,New York County,,,36061,ChIJOwE7_GTtwokRFq0uOwLSE9g,12/14/20,-66,-38,-58,-61,-60,21,49.7,27.86,28.92
US,United States,New York,New York County,,,36061,ChIJOwE7_GTtwokRFq0uOwLSE9g,12/15/20,-60,-20,-43,-57,-58,18,58.09,32.08,36.11
US,United States,New York,New York County,,,36061,ChIJOwE7_GTtwokRFq0uOwLSE9g,12/16/20,-70,-30,-55,-62,-61,23,43.45,24.89,23.78
US,United States,New York,New York County,,,36061,ChIJOwE7_GTtwokRFq0uOwLSE9g,12/17/20,-79,-55,-58,-73,-73,30,32.28,23.76,20.82
US,United States,New York,New York County,,,36061,ChIJOwE7_GTtwokRFq0uOwLSE9g,12/18/20,-67,-36,-58,-58,-59,22,58.98,36.09,39.34
US,United States,New York,New York County,,,36061,ChIJOwE7_GTtwokRFq0uOwLSE9g,12/19/20,-62,-28,-38,-52,-24,10,63.23,38.99,48.45
US,United States,New York,New York County,,,36061,ChIJOwE7_GTtwokRFq0uOwLSE9g,12/20/20,-63,-34,-49,-55,-25,10,49.14,29.38,34.86
US,United States,New York,New York County,,,36061,ChIJOwE7_GTtwokRFq0uOwLSE9g,12/21/20,-58,-28,-44,-58,-59,18,59.33,33.49,38.88
US,United States,New York,New York County,,,36061,ChIJOwE7_GTtwokRFq0uOwLSE9g,12/22/20,-57,-22,-40,-57,-59,18,63.05,33.73,40.41
US,United States,New York,New York County,,,36061,ChIJOwE7_GTtwokRFq0uOwLSE9g,12/23/20,-56,-18,-32,-57,-58,16,70.6,34.42,43.58
US,United States,New York,New York County,,,36061,ChIJOwE7_GTtwokRFq0uOwLSE9g,12/24/20,-63,-19,-43,-65,-66,19,49.55,24.27,31.94
US,United States,New York,New York County,,,36061,ChIJOwE7_GTtwokRFq0uOwLSE9g,12/25/20,-87,-68,-57,-81,-83,29,32.75,17.06,20.99
US,United States,New York,New York County,,,36061,ChIJOwE7_GTtwokRFq0uOwLSE9g,12/26/20,-66,-38,-35,-58,-28,10,53.86,27.58,38.69
US,United States,New York,New York County,,,36061,ChIJOwE7_GTtwokRFq0uOwLSE9g,12/27/20,-63,-38,-34,-55,-24,9,52.06,26.88,37.61
US,United States,New York,New York County,,,36061,ChIJOwE7_GTtwokRFq0uOwLSE9g,12/28/20,-60,-33,-31,-60,-62,19,59.87,34.47,46.06
US,United States,New York,New York County,,,36061,ChIJOwE7_GTtwokRFq0uOwLSE9g,12/29/20,-62,-31,-39,-61,-63,20,59.62,33.71,41.51
US,United States,New York,New York County,,,36061,ChIJOwE7_GTtwokRFq0uOwLSE9g,12/30/20,-61,-26,-34,-60,-62,19,63.91,35.4,46.23
US,United States,New York,New York County,,,36061,ChIJOwE7_GTtwokRFq0uOwLSE9g,1/1/21,-81,-62,-59,-79,-80,29,58.06,31.46,43.87
US,United States,New York,New York County,,,36061,ChIJOwE7_GTtwokRFq0uOwLSE9g,1/2/21,-61,-27,-16,-53,-27,9,44.91,23.29,33.03
US,United States,New York,New York County,,,36061,ChIJOwE7_GTtwokRFq0uOwLSE9g,1/3/21,-72,-44,-66,-62,-30,12,66.56,36.59,55.97
US,United States,New York,New York County,,,36061,ChIJOwE7_GTtwokRFq0uOwLSE9g,1/4/21,-65,-32,-51,-59,-59,20,41.06,24.31,24.52
US,United States,New York,New York County,,,36061,ChIJOwE7_GTtwokRFq0uOwLSE9g,1/5/21,-66,-29,-51,-61,-60,21,47.58,30.44,32.6
US,United States,New York,New York County,,,36061,ChIJOwE7_GTtwokRFq0uOwLSE9g,1/6/21,-67,-33,-51,-61,-59,21,49.57,29.47,31.88
US,United States,New York,New York County,,,36061,ChIJOwE7_GTtwokRFq0uOwLSE9g,1/7/21,-67,-30,-50,-61,-59,21,48.88,28.7,31.09
US,United States,New York,New York County,,,36061,ChIJOwE7_GTtwokRFq0uOwLSE9g,1/8/21,-68,-34,-60,-61,-58,21,50.57,29.97,32.95
US,United States,New York,New York County,,,36061,ChIJOwE7_GTtwokRFq0uOwLSE9g,1/9/21,-65,-30,-50,-56,-27,10,57.01,33.52,37.61
US,United States,New York,New York County,,,36061,ChIJOwE7_GTtwokRFq0uOwLSE9g,1/10/21,-65,-33,-50,-58,-28,10,60.07,37.54,43.99
US,United States,New York,New York County,,,36061,ChIJOwE7_GTtwokRFq0uOwLSE9g,1/11/21,-66,-36,-58,-62,-59,21,49.44,30.26,34.27
US,United States,New York,New York County,,,36061,ChIJOwE7_GTtwokRFq0uOwLSE9g,1/12/21,-66,-31,-49,-61,-59,20,47.95,28.98,30.16
US,United States,New York,New York County,,,36061,ChIJOwE7_GTtwokRFq0uOwLSE9g,1/13/21,-67,-34,-52,-62,-59,20,51.01,30.87,32.66
US,United States,New York,New York County,,,36061,ChIJOwE7_GTtwokRFq0uOwLSE9g,1/14/21,-66,-31,-46,-62,-60,20,50.18,30.23,32.41
US,United States,New York,New York County,,,36061,ChIJOwE7_GTtwokRFq0uOwLSE9g,1/15/21,-68,-36,-60,-62,-59,20,52.81,32.34,35.5
US,United States,New York,New York County,,,36061,ChIJOwE7_GTtwokRFq0uOwLSE9g,1/16/21,-65,-31,-46,-57,-29,9,62.5,35.49,40.8
US,United States,New York,New York County,,,36061,ChIJOwE7_GTtwokRFq0uOwLSE9g,1/17/21,-64,-36,-49,-58,-30,9,63.84,40.31,50.25
US,United States,New York,New York County,,,36061,ChIJOwE7_GTtwokRFq0uOwLSE9g,1/18/21,-66,-40,-50,-70,-70,21,54.99,34.31,42.23
US,United States,New York,New York County,,,36061,ChIJOwE7_GTtwokRFq0uOwLSE9g,1/19/21,-67,-34,-53,-62,-60,20,52.01,32.32,37.62
US,United States,New York,New York County,,,36061,ChIJOwE7_GTtwokRFq0uOwLSE9g,1/20/21,-70,-39,-58,-64,-61,22,49.44,30.17,31.01
US,United States,New York,New York County,,,36061,ChIJOwE7_GTtwokRFq0uOwLSE9g,1/21/21,-67,-32,-52,-62,-60,21,47.91,28.67,29.5
US,United States,New York,New York County,,,36061,ChIJOwE7_GTtwokRFq0uOwLSE9g,1/22/21,-67,-33,-57,-61,-58,20,53.97,32.17,34.01
US,United States,New York,New York County,,,36061,ChIJOwE7_GTtwokRFq0uOwLSE9g,1/23/21,-67,-33,-56,-58,-31,10,62.43,37.55,42.93
US,United States,New York,New York County,,,36061,ChIJOwE7_GTtwokRFq0uOwLSE9g,1/24/21,-68,-38,-61,-61,-32,10,61.31,40.48,44.23
US,United States,New York,New York County,,,36061,ChIJOwE7_GTtwokRFq0uOwLSE9g,1/25/21,-67,-38,-59,-63,-60,21,48.26,30.86,31.35
US,United States,New York,New York County,,,36061,ChIJOwE7_GTtwokRFq0uOwLSE9g,1/26/21,-71,-40,-64,-64,-61,22,48.53,30,30.55
US,United States,New York,New York County,,,36061,ChIJOwE7_GTtwokRFq0uOwLSE9g,1/27/21,-68,-35,-56,-62,-59,20,45.53,28.33,27.58
US,United States,New York,New York County,,,36061,ChIJOwE7_GTtwokRFq0uOwLSE9g,1/28/21,-68,-34,-57,-62,-60,21,51.04,31.2,32.41
US,United States,New York,New York County,,,36061,ChIJOwE7_GTtwokRFq0uOwLSE9g,1/29/21,-72,-41,-70,-63,-60,23,53.33,31.79,31.74
US,United States,New York,New York County,,,36061,ChIJOwE7_GTtwokRFq0uOwLSE9g,1/30/21,-67,-30,-57,-58,-31,10,59.35,33.3,32.68
US,United States,New York,New York County,,,36061,ChIJOwE7_GTtwokRFq0uOwLSE9g,1/31/21,-69,-26,-66,-60,-31,10,61.5,38.28,42.61
US,United States,New York,New York County,,,36061,ChIJOwE7_GTtwokRFq0uOwLSE9g,2/1/21,-89,-70,-76,-81,-80,34,45.08,27.31,26.56
US,United States,New York,New York County,,,36061,ChIJOwE7_GTtwokRFq0uOwLSE9g,2/2/21,-80,-51,-70,-74,-72,28,20.58,18.51,11.6
US,United States,New York,New York County,,,36061,ChIJOwE7_GTtwokRFq0uOwLSE9g,2/3/21,-70,-34,-60,-60,-60,21,30.39,24.12,18.42
US,United States,New York,New York County,,,36061,ChIJOwE7_GTtwokRFq0uOwLSE9g,2/4/21,-67,-26,-55,-59,-60,20,47.24,32.13,29.34
US,United States,New York,New York County,,,36061,ChIJOwE7_GTtwokRFq0uOwLSE9g,2/5/21,-67,-31,-62,-59,-58,21,55.79,34.76,34.62
US,United States,New York,New York County,,,36061,ChIJOwE7_GTtwokRFq0uOwLSE9g,2/6/21,-62,-19,-47,-52,-27,8,61.89,39.67,42.04
US,United States,New York,New York County,,,36061,ChIJOwE7_GTtwokRFq0uOwLSE9g,2/7/21,-78,-46,-71,-64,-39,13,65.22,46.77,52.05
US,United States,New York,New York County,,,36061,ChIJOwE7_GTtwokRFq0uOwLSE9g,2/8/21,-68,-37,-64,-61,-61,20,33.74,26.92,21.01
US,United States,New York,New York County,,,36061,ChIJOwE7_GTtwokRFq0uOwLSE9g,2/9/21,-68,-32,-63,-61,-61,21,46.82,30.98,27.87
US,United States,New York,New York County,,,36061,ChIJOwE7_GTtwokRFq0uOwLSE9g,2/10/21,-66,-30,-57,-59,-59,20,47.95,30.84,28.73
US,United States,New York,New York County,,,36061,ChIJOwE7_GTtwokRFq0uOwLSE9g,2/11/21,-66,-30,-59,-60,-60,21,54.1,33.52,32.26
US,United States,New York,New York County,,,36061,ChIJOwE7_GTtwokRFq0uOwLSE9g,2/12/21,-65,-31,-63,-60,-60,20,54.12,34.06,33.24
US,United States,New York,New York County,,,36061,ChIJOwE7_GTtwokRFq0uOwLSE9g,2/13/21,-62,-25,-55,-55,-30,9,72.71,43.9,48.96
US,United States,New York,New York County,,,36061,ChIJOwE7_GTtwokRFq0uOwLSE9g,2/14/21,-58,-30,-52,-54,-30,9,73.66,48.42,62.23
US,United States,New York,New York County,,,36061,ChIJOwE7_GTtwokRFq0uOwLSE9g,2/15/21,-67,-42,-62,-65,-72,22,69.95,42.74,60.75
US,United States,New York,New York County,,,36061,ChIJOwE7_GTtwokRFq0uOwLSE9g,2/16/21,-64,-32,-51,-60,-62,20,49.69,34.68,35.15
US,United States,New York,New York County,,,36061,ChIJOwE7_GTtwokRFq0uOwLSE9g,2/17/21,-64,-29,-55,-59,-60,19,52.31,33.28,34.98
US,United States,New York,New York County,,,36061,ChIJOwE7_GTtwokRFq0uOwLSE9g,2/18/21,-76,-46,-69,-66,-68,26,59.13,35.14,36.3
US,United States,New York,New York County,,,36061,ChIJOwE7_GTtwokRFq0uOwLSE9g,2/19/21,-70,-40,-70,-62,-63,24,38.31,27.86,23.14
US,United States,New York,New York County,,,36061,ChIJOwE7_GTtwokRFq0uOwLSE9g,2/20/21,-61,-26,-49,-52,-29,9,54.04,38.41,37.52
US,United States,New York,New York County,,,36061,ChIJOwE7_GTtwokRFq0uOwLSE9g,2/21/21,-62,-32,-54,-54,-30,9,67.2,47.67,54.26
US,United States,New York,New York County,,,36061,ChIJOwE7_GTtwokRFq0uOwLSE9g,2/22/21,-68,-41,-66,-61,-61,22,53.84,36.03,39.07
US,United States,New York,New York County,,,36061,ChIJOwE7_GTtwokRFq0uOwLSE9g,2/23/21,-63,-28,-56,-58,-60,20,47.72,29.87,27
US,United States,New York,New York County,,,36061,ChIJOwE7_GTtwokRFq0uOwLSE9g,2/24/21,-60,-26,-42,-57,-58,18,53.55,34.25,33.55
US,United States,New York,New York County,,,36061,ChIJOwE7_GTtwokRFq0uOwLSE9g,2/25/21,-61,-26,-46,-57,-59,19,59.17,38.16,40.65
US,United States,New York,New York County,,,36061,ChIJOwE7_GTtwokRFq0uOwLSE9g,2/26/21,-62,-28,-53,-57,-58,18,63.05,39.1,40.68
US,United States,New York,New York County,,,36061,ChIJOwE7_GTtwokRFq0uOwLSE9g,2/27/21,-61,-30,-51,-53,-30,9,74.56,46.69,52.99
US,United States,New York,New York County,,,36061,ChIJOwE7_GTtwokRFq0uOwLSE9g,2/28/21,-64,-35,-63,-56,-31,9,71.28,47.23,57.86
US,United States,New York,New York County,,,36061,ChIJOwE7_GTtwokRFq0uOwLSE9g,3/1/21,-63,-32,-57,-59,-60,19,54.11,34.22,36.16
US,United States,New York,New York County,,,36061,ChIJOwE7_GTtwokRFq0uOwLSE9g,3/2/21,-64,-31,-58,-59,-59,20,53.11,34.24,34.06
US,United States,New York,New York County,,,36061,ChIJOwE7_GTtwokRFq0uOwLSE9g,3/3/21,-60,-24,-41,-56,-58,18,55.48,34.99,33.72
US,United States,New York,New York County,,,36061,ChIJOwE7_GTtwokRFq0uOwLSE9g,3/4/21,-62,-26,-52,-57,-60,20,60.86,39.42,41.84
US,United States,New York,New York County,,,36061,ChIJOwE7_GTtwokRFq0uOwLSE9g,3/5/21,-63,-30,-60,-57,-58,19,60.91,38.27,39.42
US,United States,New York,New York County,,,36061,ChIJOwE7_GTtwokRFq0uOwLSE9g,3/6/21,-58,-25,-47,-51,-29,8,73.39,46.99,50.74
US,United States,New York,New York County,,,36061,ChIJOwE7_GTtwokRFq0uOwLSE9g,3/7/21,-59,-30,-49,-53,-29,8,75.93,52.09,62.56
US,United States,New York,New York County,,,36061,ChIJOwE7_GTtwokRFq0uOwLSE9g,3/8/21,-62,-31,-53,-58,-59,19,60.15,38.93,45.54
US,United States,New York,New York County,,,36061,ChIJOwE7_GTtwokRFq0uOwLSE9g,3/9/21,-58,-24,-32,-56,-58,18,55.1,35.42,36.15
US,United States,New York,New York County,,,36061,ChIJOwE7_GTtwokRFq0uOwLSE9g,3/10/21,-59,-25,-39,-57,-58,18,61.06,39.91,45.58
US,United States,New York,New York County,,,36061,ChIJOwE7_GTtwokRFq0uOwLSE9g,3/11/21,-56,-21,-24,-55,-59,17,61.66,40.25,44.15
US,United States,New York,New York County,,,36061,ChIJOwE7_GTtwokRFq0uOwLSE9g,3/12/21,-57,-25,-37,-55,-57,17,69.49,45.39,53.99
US,United States,New York,New York County,,,36061,ChIJOwE7_GTtwokRFq0uOwLSE9g,3/13/21,-54,-22,-29,-47,-27,7,85.87,57.18,77.48
US,United States,New York,New York County,,,36061,ChIJOwE7_GTtwokRFq0uOwLSE9g,3/14/21,-57,-29,-43,-51,-30,7,64.31,41.3,49.9
US,United States,New York,New York County,,,36061,ChIJOwE7_GTtwokRFq0uOwLSE9g,3/15/21,-62,-33,-57,-58,-59,20,57.25,37.19,37.34
US,United States,New York,New York County,,,36061,ChIJOwE7_GTtwokRFq0uOwLSE9g,3/16/21,-62,-29,-55,-58,-59,20,58.96,37.9,38.84
US,United States,New York,New York County,,,36061,ChIJOwE7_GTtwokRFq0uOwLSE9g,3/17/21,-58,-26,-46,-56,-57,18,63.8,42.34,46.58
US,United States,New York,New York County,,,36061,ChIJOwE7_GTtwokRFq0uOwLSE9g,3/18/21,-64,-33,-61,-58,-60,21,63.05,39.69,39.53
US,United States,New York,New York County,,,36061,ChIJOwE7_GTtwokRFq0uOwLSE9g,3/19/21,-59,-25,-54,-55,-57,18,80.83,52.39,61.19
US,United States,New York,New York County,,,36061,ChIJOwE7_GTtwokRFq0uOwLSE9g,3/20/21,-50,-17,-15,-44,-26,5,93.6,63.69,90.87
US,United States,New York,New York County,,,36061,ChIJOwE7_GTtwokRFq0uOwLSE9g,3/21/21,-49,-23,-14,-46,-26,5,75.73,48.61,66.6
US,United States,New York,New York County,,,36061,ChIJOwE7_GTtwokRFq0uOwLSE9g,3/22/21,-56,-27,-38,-56,-58,17,62.62,42.07,46.67
US,United States,New York,New York County,,,36061,ChIJOwE7_GTtwokRFq0uOwLSE9g,3/23/21,-56,-24,-32,-55,-58,17,65.16,42.93,48.4
US,United States,New York,New York County,,,36061,ChIJOwE7_GTtwokRFq0uOwLSE9g,3/24/21,-62,-33,-53,-57,-59,19,62.46,39.83,39.8
US,United States,New York,New York County,,,36061,ChIJOwE7_GTtwokRFq0uOwLSE9g,3/25/21,-55,-20,-31,-55,-58,17,72.36,47.46,55.2
US,United States,New York,New York County,,,36061,ChIJOwE7_GTtwokRFq0uOwLSE9g,3/26/21,-55,-26,-36,-53,-57,16,88.82,58.43,73.14
US,United States,New York,New York County,,,36061,ChIJOwE7_GTtwokRFq0uOwLSE9g,3/27/21,-49,-18,-3,-41,-25,3,101.64,70.61,99.7
US,United States,New York,New York County,,,36061,ChIJOwE7_GTtwokRFq0uOwLSE9g,3/28/21,-64,-39,-61,-55,-33,9,60.13,39.31,44.19
US,United States,New York,New York County,,,36061,ChIJOwE7_GTtwokRFq0uOwLSE9g,3/29/21,-56,-29,-41,-57,-61,18,65.81,44.83,51.43
US,United States,New York,New York County,,,36061,ChIJOwE7_GTtwokRFq0uOwLSE9g,3/30/21,-54,-23,-26,-55,-60,17,74.42,49.52,59.64
US,United States,New York,New York County,,,36061,ChIJOwE7_GTtwokRFq0uOwLSE9g,3/31/21,-59,-29,-45,-57,-61,18,68.3,44.75,49.28
US,United States,New York,New York County,,,36061,ChIJOwE7_GTtwokRFq0uOwLSE9g,4/1/21,-57,-23,-45,-56,-61,18,73.71,48.9,54.49
US,United States,New York,New York County,,,36061,ChIJOwE7_GTtwokRFq0uOwLSE9g,4/2/21,-59,-29,-55,-58,-63,19,83.68,56.4,67.97