month,state,county,date,driving,transit,walking
Feb,New York,BRONX,2020/2/1,8.23,-10.64,10.08
Feb,New York,BROOKLYN,2020/2/1,23.25,24.28,46.99
Feb,New York,MANHATTAN,2020/2/1,25.15,10.51,39.27
Feb,New York,QUEENS,2020/2/1,10.31,-0.5,17.09
Feb,New York,STATEN ISLAND,2020/2/1,17.76,-0.1,21.98
Feb,New York,BRONX,2020/2/2,-17.41,-31.55,-21.4
Feb,New York,BROOKLYN,2020/2/2,-4.51,-3.74,1.74
Feb,New York,MANHATTAN,2020/2/2,-12.36,-18.33,-13.67
Feb,New York,QUEENS,2020/2/2,-12.29,-19.35,-11.16
Feb,New York,STATEN ISLAND,2020/2/2,-11.25,-24.92,-7.88
Feb,New York,BRONX,2020/2/3,-0.13,-7.79,0.36
Feb,New York,BROOKLYN,2020/2/3,-1.7,-1.05,1.74
Feb,New York,MANHATTAN,2020/2/3,-8.48,-14.34,-4.79
Feb,New York,QUEENS,2020/2/3,-2.43,-8.33,-3.79
Feb,New York,STATEN ISLAND,2020/2/3,-2.52,3.71,2.09
Feb,New York,BRONX,2020/2/4,-3.11,-7.28,-0.7
Feb,New York,BROOKLYN,2020/2/4,-0.8,-0.24,0.9
Feb,New York,MANHATTAN,2020/2/4,-5.84,-10.62,-2.17
Feb,New York,QUEENS,2020/2/4,-3.13,-9.32,-5.93
Feb,New York,STATEN ISLAND,2020/2/4,-1,3.19,-1.56
Feb,New York,BRONX,2020/2/5,-1.62,-7.5,-2.07
Feb,New York,BROOKLYN,2020/2/5,0.03,-0.73,-0.18
Feb,New York,MANHATTAN,2020/2/5,-3.02,-7.73,-0.97
Feb,New York,QUEENS,2020/2/5,-1.59,-9.27,-6.66
Feb,New York,STATEN ISLAND,2020/2/5,8.37,1.44,0.68
Feb,New York,BRONX,2020/2/6,3.55,-10.14,-6.72
Feb,New York,BROOKLYN,2020/2/6,6.91,3.29,1.8
Feb,New York,MANHATTAN,2020/2/6,4.86,-1.86,2.59
Feb,New York,QUEENS,2020/2/6,4.84,-6.77,-8.01
Feb,New York,STATEN ISLAND,2020/2/6,7.14,3.21,-5.24
Feb,New York,BRONX,2020/2/7,15.95,-1.99,4.01
Feb,New York,BROOKLYN,2020/2/7,19.12,15.36,18.1
Feb,New York,MANHATTAN,2020/2/7,27.74,16.86,28.89
Feb,New York,QUEENS,2020/2/7,15.53,0.88,1.46
Feb,New York,STATEN ISLAND,2020/2/7,20.99,8.01,9.72
Feb,New York,BRONX,2020/2/8,10.73,-8.3,6.4
Feb,New York,BROOKLYN,2020/2/8,29.62,35.31,50.4
Feb,New York,MANHATTAN,2020/2/8,35.69,20.86,49.75
Feb,New York,QUEENS,2020/2/8,13.27,4.3,18.65
Feb,New York,STATEN ISLAND,2020/2/8,18.37,-0.26,17.81
Feb,New York,BRONX,2020/2/9,-13.53,-28.44,-19.82
Feb,New York,BROOKLYN,2020/2/9,3.42,5.42,11.14
Feb,New York,MANHATTAN,2020/2/9,3.3,-10.83,5.43
Feb,New York,QUEENS,2020/2/9,-7.44,-16.23,-8.96
Feb,New York,STATEN ISLAND,2020/2/9,-8.14,-17.8,-6.75
Feb,New York,BRONX,2020/2/10,1.52,-7.58,-7.46
Feb,New York,BROOKLYN,2020/2/10,2.32,-0.72,-9.32
Feb,New York,MANHATTAN,2020/2/10,-5.24,-12.63,-11.99
Feb,New York,QUEENS,2020/2/10,2.85,-7.83,-11.24
Feb,New York,STATEN ISLAND,2020/2/10,4.3,3.89,-3.6
Feb,New York,BRONX,2020/2/11,3.76,-5.85,-2.09
Feb,New York,BROOKLYN,2020/2/11,3.15,3.38,0.11
Feb,New York,MANHATTAN,2020/2/11,0.37,-7.16,-2.46
Feb,New York,QUEENS,2020/2/11,2.38,-6.87,-5.88
Feb,New York,STATEN ISLAND,2020/2/11,8.49,3.35,-4.26
Feb,New York,BRONX,2020/2/12,3.42,-1.99,3.37
Feb,New York,BROOKLYN,2020/2/12,4.9,5.47,6.73
Feb,New York,MANHATTAN,2020/2/12,1.32,-4.66,2.51
Feb,New York,QUEENS,2020/2/12,3.27,-6.03,-1.06
Feb,New York,STATEN ISLAND,2020/2/12,5.27,1.78,7.41
Feb,New York,BRONX,2020/2/13,9.16,-3.27,-0.82
Feb,New York,BROOKLYN,2020/2/13,14.05,9.88,11.29
Feb,New York,MANHATTAN,2020/2/13,11.18,3.58,6.79
Feb,New York,QUEENS,2020/2/13,14.6,-0.74,-1.02
Feb,New York,STATEN ISLAND,2020/2/13,14,5.04,4.28
Feb,New York,BRONX,2020/2/14,33.75,0.92,16.63
Feb,New York,BROOKLYN,2020/2/14,40.51,22.66,36.15
Feb,New York,MANHATTAN,2020/2/14,46.48,24.9,48.02
Feb,New York,QUEENS,2020/2/14,34.1,6.81,15.92
Feb,New York,STATEN ISLAND,2020/2/14,35.5,11.94,29.39
Feb,New York,BRONX,2020/2/15,13.52,-13.14,3.47
Feb,New York,BROOKLYN,2020/2/15,28.09,25.99,41.68
Feb,New York,MANHATTAN,2020/2/15,41.72,18.53,56.51
Feb,New York,QUEENS,2020/2/15,15.43,1.65,13.42
Feb,New York,STATEN ISLAND,2020/2/15,18.9,-0.82,12.3
Feb,New York,BRONX,2020/2/16,-8.68,-25.69,-17.97
Feb,New York,BROOKLYN,2020/2/16,9.3,6.47,23.64
Feb,New York,MANHATTAN,2020/2/16,19.17,-1.6,37.47
Feb,New York,QUEENS,2020/2/16,-2.23,-12.84,-2.75
Feb,New York,STATEN ISLAND,2020/2/16,-2.18,-10.78,-6.75
Feb,New York,BRONX,2020/2/17,-3.22,-11.47,-5.25
Feb,New York,BROOKLYN,2020/2/17,6.68,12.8,19.1
Feb,New York,MANHATTAN,2020/2/17,5.53,-3.58,18.76
Feb,New York,QUEENS,2020/2/17,1.85,3.31,5.37
Feb,New York,STATEN ISLAND,2020/2/17,1.44,3.68,-1.94
Feb,New York,BRONX,2020/2/18,1.35,0.19,2.14
Feb,New York,BROOKLYN,2020/2/18,4.7,8.25,4.46
Feb,New York,MANHATTAN,2020/2/18,1.68,-5.79,6.36
Feb,New York,QUEENS,2020/2/18,4.02,2.06,2.32
Feb,New York,STATEN ISLAND,2020/2/18,5.67,19.35,0.74
Feb,New York,BRONX,2020/2/19,3.5,-0.76,6.84
Feb,New York,BROOKLYN,2020/2/19,8.05,10.25,9.14
Feb,New York,MANHATTAN,2020/2/19,6.02,-0.31,15.04
Feb,New York,QUEENS,2020/2/19,5.73,2.69,3.63
Feb,New York,STATEN ISLAND,2020/2/19,9.43,17.03,12.38
Feb,New York,BRONX,2020/2/20,4.6,-2.68,-2.45
Feb,New York,BROOKLYN,2020/2/20,8.02,8.75,5.63
Feb,New York,MANHATTAN,2020/2/20,11.83,3.89,16.01
Feb,New York,QUEENS,2020/2/20,7.05,3.68,1.77
Feb,New York,STATEN ISLAND,2020/2/20,10.18,12.5,10.23
Feb,New York,BRONX,2020/2/21,20.31,0.9,10.24
Feb,New York,BROOKLYN,2020/2/21,22.21,20.24,25.84
Feb,New York,MANHATTAN,2020/2/21,32.35,19.98,39.26
Feb,New York,QUEENS,2020/2/21,18.06,6.23,13.64
Feb,New York,STATEN ISLAND,2020/2/21,24.22,14.05,21.18
Feb,New York,BRONX,2020/2/22,18.45,-4.51,17.62
Feb,New York,BROOKLYN,2020/2/22,31.21,33.88,60.13
Feb,New York,MANHATTAN,2020/2/22,40.44,20.39,61.14
Feb,New York,QUEENS,2020/2/22,18.06,4.03,26.73
Feb,New York,STATEN ISLAND,2020/2/22,22.28,6.83,26.69
Feb,New York,BRONX,2020/2/23,-6.98,-27.28,-14.9
Feb,New York,BROOKLYN,2020/2/23,6.36,2.15,21.67
Feb,New York,MANHATTAN,2020/2/23,3.3,-13.93,10.01
Feb,New York,QUEENS,2020/2/23,-4.24,-19.08,-5.3
Feb,New York,STATEN ISLAND,2020/2/23,-5.57,-14.61,-4.75
Feb,New York,BRONX,2020/2/24,2.99,-5.99,2.29
Feb,New York,BROOKLYN,2020/2/24,2.51,-0.42,3.93
Feb,New York,MANHATTAN,2020/2/24,-5.65,-13.63,-4.25
Feb,New York,QUEENS,2020/2/24,1.62,-8.17,-2.65
Feb,New York,STATEN ISLAND,2020/2/24,1.99,2.38,5.32
Feb,New York,BRONX,2020/2/25,4.53,-7.04,-2.31
Feb,New York,BROOKLYN,2020/2/25,3.5,-2.14,-5.4
Feb,New York,MANHATTAN,2020/2/25,-2.54,-11.08,-7.66
Feb,New York,QUEENS,2020/2/25,5.13,-8.55,-5.94
Feb,New York,STATEN ISLAND,2020/2/25,5.39,2.33,-2.23
Feb,New York,BRONX,2020/2/26,8.2,-4.21,5.04
Feb,New York,BROOKLYN,2020/2/26,5.74,1.47,-0.34
Feb,New York,MANHATTAN,2020/2/26,0.31,-7.58,1.15
Feb,New York,QUEENS,2020/2/26,4.86,-8.91,-2.96
Feb,New York,STATEN ISLAND,2020/2/26,11.59,3.63,-0.47
Feb,New York,BRONX,2020/2/27,9.89,-7.58,-2.32
Feb,New York,BROOKLYN,2020/2/27,10.24,1.92,1.47
Feb,New York,MANHATTAN,2020/2/27,7.15,-1.96,3.93
Feb,New York,QUEENS,2020/2/27,10.15,-6.5,-6.68
Feb,New York,STATEN ISLAND,2020/2/27,11.64,2.74,-5.14
Feb,New York,BRONX,2020/2/28,30.8,2.4,16.32
Feb,New York,BROOKLYN,2020/2/28,29.61,20.03,28.97
Feb,New York,MANHATTAN,2020/2/28,31.44,18.59,33.24
Feb,New York,QUEENS,2020/2/28,26.23,4.49,15.62
Feb,New York,STATEN ISLAND,2020/2/28,34,11.86,25.03
Feb,New York,BRONX,2020/2/29,23.17,-6.03,14.03
Feb,New York,BROOKLYN,2020/2/29,34.78,32.2,48.54
Feb,New York,MANHATTAN,2020/2/29,33.45,17.68,41.21
Feb,New York,QUEENS,2020/2/29,21.44,2.07,18.65
Feb,New York,STATEN ISLAND,2020/2/29,28.04,5.6,23.86
Mar,New York,BRONX,2020/3/1,-5.59,-27.43,-16.39
Mar,New York,BROOKLYN,2020/3/1,6.46,0.15,12.21
Mar,New York,MANHATTAN,2020/3/1,-0.24,-15.11,2.44
Mar,New York,QUEENS,2020/3/1,-2.82,-17.33,-6.73
Mar,New York,STATEN ISLAND,2020/3/1,6.46,-11.48,59.03
Mar,New York,BRONX,2020/3/2,11.02,-4.41,7.63
Mar,New York,BROOKLYN,2020/3/2,5.42,2.58,9.79
Mar,New York,MANHATTAN,2020/3/2,-3.7,-12.78,0.47
Mar,New York,QUEENS,2020/3/2,3.05,-8.36,-0.63
Mar,New York,STATEN ISLAND,2020/3/2,1.94,5.47,7.18
Mar,New York,BRONX,2020/3/3,6.93,-5.96,2.81
Mar,New York,BROOKLYN,2020/3/3,8.1,3.12,3.12
Mar,New York,MANHATTAN,2020/3/3,-1.26,-9.78,-2.61
Mar,New York,QUEENS,2020/3/3,5.1,-8.91,-5.15
Mar,New York,STATEN ISLAND,2020/3/3,5.83,5.75,-0.16
Mar,New York,BRONX,2020/3/4,8.9,-2.74,11.79
Mar,New York,BROOKLYN,2020/3/4,11.91,11.89,17.7
Mar,New York,MANHATTAN,2020/3/4,3.39,-5.61,8.45
Mar,New York,QUEENS,2020/3/4,6.67,-3.97,4.18
Mar,New York,STATEN ISLAND,2020/3/4,12.06,12.87,9.19
Mar,New York,BRONX,2020/3/5,13.32,-4.97,7.71
Mar,New York,BROOKLYN,2020/3/5,16.17,10.35,19.07
Mar,New York,MANHATTAN,2020/3/5,10.85,-0.67,15.85
Mar,New York,QUEENS,2020/3/5,10.04,-5.45,3.49
Mar,New York,STATEN ISLAND,2020/3/5,12.29,7.54,16.07
Mar,New York,BRONX,2020/3/6,28.64,-1.77,13.88
Mar,New York,BROOKLYN,2020/3/6,30.74,17.08,22.87
Mar,New York,MANHATTAN,2020/3/6,25.92,10.15,21.72
Mar,New York,QUEENS,2020/3/6,23.14,-0.16,6.04
Mar,New York,STATEN ISLAND,2020/3/6,28.94,8.61,17.17
Mar,New York,BRONX,2020/3/7,21.1,-3.63,17.45
Mar,New York,BROOKLYN,2020/3/7,38,39.24,62.05
Mar,New York,MANHATTAN,2020/3/7,32.34,13.11,49.46
Mar,New York,QUEENS,2020/3/7,20.11,3.68,27.44
Mar,New York,STATEN ISLAND,2020/3/7,27.4,3.79,25.83
Mar,New York,BRONX,2020/3/8,-5.81,-25.81,-10.41
Mar,New York,BROOKLYN,2020/3/8,7.54,3.62,27.92
Mar,New York,MANHATTAN,2020/3/8,-0.36,-17.45,9.48
Mar,New York,QUEENS,2020/3/8,-4.87,-18.86,-1.27
Mar,New York,STATEN ISLAND,2020/3/8,-0.73,-15.25,2.68
Mar,New York,BRONX,2020/3/9,8.89,-6.24,12.22
Mar,New York,BROOKLYN,2020/3/9,8.69,2.56,20.12
Mar,New York,MANHATTAN,2020/3/9,0.97,-13.16,13.63
Mar,New York,QUEENS,2020/3/9,4.75,-7.35,8.25
Mar,New York,STATEN ISLAND,2020/3/9,8.11,8.79,13.59
Mar,New York,BRONX,2020/3/10,3.64,-10.47,4
Mar,New York,BROOKLYN,2020/3/10,3.53,-5.23,6.67
Mar,New York,MANHATTAN,2020/3/10,-4.96,-20.13,-0.26
Mar,New York,QUEENS,2020/3/10,-0.55,-15.9,-1.27
Mar,New York,STATEN ISLAND,2020/3/10,4.53,-3.79,5.08
Mar,New York,BRONX,2020/3/11,0.13,-11.95,5.81
Mar,New York,BROOKLYN,2020/3/11,3.56,-6.66,7.68
Mar,New York,MANHATTAN,2020/3/11,-11.47,-25.31,-8.21
Mar,New York,QUEENS,2020/3/11,-0.25,-17.24,-3.01
Mar,New York,STATEN ISLAND,2020/3/11,3.8,-4.24,3.03
Mar,New York,BRONX,2020/3/12,-4.13,-22.95,-6.12
Mar,New York,BROOKLYN,2020/3/12,0.82,-16.62,-1.59
Mar,New York,MANHATTAN,2020/3/12,-20.89,-39.85,-25.29
Mar,New York,QUEENS,2020/3/12,-3.93,-27.39,-11.14
Mar,New York,STATEN ISLAND,2020/3/12,-4,-20.04,-8.1
Mar,New York,BRONX,2020/3/13,7.15,-23,5.08
Mar,New York,BROOKLYN,2020/3/13,10.31,-17.82,11.71
Mar,New York,MANHATTAN,2020/3/13,-22.63,-45.43,-28.95
Mar,New York,QUEENS,2020/3/13,5.21,-28.31,0.81
Mar,New York,STATEN ISLAND,2020/3/13,6.16,-18.56,13.92
Mar,New York,BRONX,2020/3/14,-5.47,-33.61,-2.78
Mar,New York,BROOKLYN,2020/3/14,-2.5,-24.38,12.75
Mar,New York,MANHATTAN,2020/3/14,-37.28,-53.45,-39.12
Mar,New York,QUEENS,2020/3/14,-8.71,-37.2,-0.52
Mar,New York,STATEN ISLAND,2020/3/14,-6.3,-34.13,6.96
Mar,New York,BRONX,2020/3/15,-28.19,-48.7,-28.46
Mar,New York,BROOKLYN,2020/3/15,-26.58,-46.87,-21.44
Mar,New York,MANHATTAN,2020/3/15,-56.47,-70.95,-64.08
Mar,New York,QUEENS,2020/3/15,-30.11,-52.87,-25.35
Mar,New York,STATEN ISLAND,2020/3/15,-32.07,-49.19,-20.2
Mar,New York,BRONX,2020/3/16,-21.75,-44.9,-23.31
Mar,New York,BROOKLYN,2020/3/16,-22.66,-52.54,-34
Mar,New York,MANHATTAN,2020/3/16,-59.17,-77.08,-74.44
Mar,New York,QUEENS,2020/3/16,-25.43,-54.39,-30.38
Mar,New York,STATEN ISLAND,2020/3/16,-26.18,-46.78,-23.17
Mar,New York,BRONX,2020/3/17,-27.34,-51.5,-28.03
Mar,New York,BROOKLYN,2020/3/17,-28.7,-60.18,-39.49
Mar,New York,MANHATTAN,2020/3/17,-66.03,-82.36,-81.59
Mar,New York,QUEENS,2020/3/17,-31.68,-62.24,-36.18
Mar,New York,STATEN ISLAND,2020/3/17,-30.78,-53.97,-30.68
Mar,New York,BRONX,2020/3/18,-28.71,-54.15,-26.86
Mar,New York,BROOKLYN,2020/3/18,-32.74,-63.39,-41.02
Mar,New York,MANHATTAN,2020/3/18,-68.9,-84.92,-83.68
Mar,New York,QUEENS,2020/3/18,-35.07,-65.62,-36.88
Mar,New York,STATEN ISLAND,2020/3/18,-32.32,-59.96,-27.02
Mar,New York,BRONX,2020/3/19,-33.32,-56.44,-31.73
Mar,New York,BROOKLYN,2020/3/19,-35.51,-64.85,-45.64
Mar,New York,MANHATTAN,2020/3/19,-72.4,-87.07,-86.66
Mar,New York,QUEENS,2020/3/19,-40.19,-66.99,-44.41
Mar,New York,STATEN ISLAND,2020/3/19,-35.1,-58.53,-31.99
Mar,New York,BRONX,2020/3/20,-29.22,-59.72,-27.29
Mar,New York,BROOKLYN,2020/3/20,-31.3,-66.52,-36.95
Mar,New York,MANHATTAN,2020/3/20,-71.29,-87.33,-85.01
Mar,New York,QUEENS,2020/3/20,-37.88,-69.85,-36.74
Mar,New York,STATEN ISLAND,2020/3/20,-31.21,-61.5,-13.67
Mar,New York,BRONX,2020/3/21,-43.24,-69.19,-41.49
Mar,New York,BROOKLYN,2020/3/21,-46.06,-73.93,-46.86
Mar,New York,MANHATTAN,2020/3/21,-77.13,-90.44,-88.5
Mar,New York,QUEENS,2020/3/21,-49.23,-77.32,-47.02
Mar,New York,STATEN ISLAND,2020/3/21,-42.6,-71.38,-28.88
Mar,New York,BRONX,2020/3/22,-59.32,-74.93,-58.34
Mar,New York,BROOKLYN,2020/3/22,-60.18,-79.91,-63.79
Mar,New York,MANHATTAN,2020/3/22,-82.64,-92.54,-92.47
Mar,New York,QUEENS,2020/3/22,-63.82,-81.54,-61.77
Mar,New York,STATEN ISLAND,2020/3/22,-59.49,-74.44,-46.42
Mar,New York,BRONX,2020/3/23,-54.82,-71.97,-57.32
Mar,New York,BROOKLYN,2020/3/23,-58.28,-79.62,-72.47
Mar,New York,MANHATTAN,2020/3/23,-81.67,-92.38,-93.31
Mar,New York,QUEENS,2020/3/23,-61.38,-81.12,-68.28
Mar,New York,STATEN ISLAND,2020/3/23,-57.56,-74.35,-48.94
Mar,New York,BRONX,2020/3/24,-50.62,-70.88,-49.59
Mar,New York,BROOKLYN,2020/3/24,-52.38,-78.01,-58.14
Mar,New York,MANHATTAN,2020/3/24,-80.37,-91.91,-91.1
Mar,New York,QUEENS,2020/3/24,-57.03,-80.07,-56.39
Mar,New York,STATEN ISLAND,2020/3/24,-50.85,-73.22,-36.74
Mar,New York,BRONX,2020/3/25,-52.49,-73.18,-53.8
Mar,New York,BROOKLYN,2020/3/25,-55.2,-79.57,-66.6
Mar,New York,MANHATTAN,2020/3/25,-81.46,-92.48,-92.73
Mar,New York,QUEENS,2020/3/25,-59.99,-81.35,-64.97
Mar,New York,STATEN ISLAND,2020/3/25,-53.86,-75.29,-46.01
Mar,New York,BRONX,2020/3/26,-49.26,-71.52,-48.38
Mar,New York,BROOKLYN,2020/3/26,-51.53,-78.75,-58.62
Mar,New York,MANHATTAN,2020/3/26,-80.39,-92,-91.28
Mar,New York,QUEENS,2020/3/26,-57.06,-80.98,-57.12
Mar,New York,STATEN ISLAND,2020/3/26,-48.91,-73.94,-34.06
Mar,New York,BRONX,2020/3/27,-42.75,-69.79,-42.47
Mar,New York,BROOKLYN,2020/3/27,-47.53,-77.55,-53.37
Mar,New York,MANHATTAN,2020/3/27,-78.13,-90.75,-89.71
Mar,New York,QUEENS,2020/3/27,-53.48,-80.85,-54.77
Mar,New York,STATEN ISLAND,2020/3/27,-42.05,-73.34,-20.36
Mar,New York,BRONX,2020/3/28,-55.47,-77.42,-56.79
Mar,New York,BROOKLYN,2020/3/28,-58.57,-82.36,-69.17
Mar,New York,MANHATTAN,2020/3/28,-82.2,-93.01,-93.31
Mar,New York,QUEENS,2020/3/28,-63.4,-84.63,-67.23
Mar,New York,STATEN ISLAND,2020/3/28,-54.08,-81.14,-41.71
Mar,New York,BRONX,2020/3/29,-62.58,-77.82,-63.19
Mar,New York,BROOKLYN,2020/3/29,-63.96,-83.38,-71.65
Mar,New York,MANHATTAN,2020/3/29,-84.46,-93.48,-94.12
Mar,New York,QUEENS,2020/3/29,-68.81,-85.43,-70.41
Mar,New York,STATEN ISLAND,2020/3/29,-62.41,-80.21,-50.27
Mar,New York,BRONX,2020/3/30,-51.58,-72.91,-52.57
Mar,New York,BROOKLYN,2020/3/30,-55.03,-79.85,-64.22
Mar,New York,MANHATTAN,2020/3/30,-81.51,-92.24,-92.14
Mar,New York,QUEENS,2020/3/30,-60.32,-81.83,-61.58
Mar,New York,STATEN ISLAND,2020/3/30,-54.33,-75.49,-46.83
Mar,New York,BRONX,2020/3/31,-50.9,-74.16,-51.76
Mar,New York,BROOKLYN,2020/3/31,-55.68,-80.77,-65.44
Mar,New York,MANHATTAN,2020/3/31,-81.72,-92.79,-92.58
Mar,New York,QUEENS,2020/3/31,-59.99,-83.04,-62.07
Mar,New York,STATEN ISLAND,2020/3/31,-52.85,-77.65,-43.94
Apr,New York,BRONX,2020/4/1,-50.14,-73.63,-48.65
Apr,New York,BROOKLYN,2020/4/1,-53.43,-80.98,-60.72
Apr,New York,MANHATTAN,2020/4/1,-81.56,-92.96,-92.39
Apr,New York,QUEENS,2020/4/1,-59.79,-83.04,-60.98
Apr,New York,STATEN ISLAND,2020/4/1,-51.22,-78.88,-36.25
Apr,New York,BRONX,2020/4/2,-50.67,-75.59,-49
Apr,New York,BROOKLYN,2020/4/2,-53.6,-81.8,-63.97
Apr,New York,MANHATTAN,2020/4/2,-81.72,-93.14,-92.47
Apr,New York,QUEENS,2020/4/2,-60,-84.1,-62.15
Apr,New York,STATEN ISLAND,2020/4/2,-50.8,-78.47,-36.41
Apr,New York,BRONX,2020/4/3,-47.07,-75.12,-49.83
Apr,New York,BROOKLYN,2020/4/3,-51.35,-82.11,-64.32
Apr,New York,MANHATTAN,2020/4/3,-80.18,-92.91,-92.55
Apr,New York,QUEENS,2020/4/3,-57.2,-84.28,-61.98
Apr,New York,STATEN ISLAND,2020/4/3,-46.48,-77.32,-38.97
Apr,New York,BRONX,2020/4/4,-52.4,-78.34,-51.2
Apr,New York,BROOKLYN,2020/4/4,-55.78,-83.46,-60.4
Apr,New York,MANHATTAN,2020/4/4,-81.7,-93.56,-91.57
Apr,New York,QUEENS,2020/4/4,-60.71,-85.52,-60.08
Apr,New York,STATEN ISLAND,2020/4/4,-48.86,-80.37,-32.85
Apr,New York,BRONX,2020/4/5,-59.66,-79.75,-57.99
Apr,New York,BROOKLYN,2020/4/5,-61.11,-84.17,-66.5
Apr,New York,MANHATTAN,2020/4/5,-83.61,-93.85,-93.07
Apr,New York,QUEENS,2020/4/5,-66.51,-86.35,-65.39
Apr,New York,STATEN ISLAND,2020/4/5,-58.36,-82.16,-46.56
Apr,New York,BRONX,2020/4/6,-48.98,-74.26,-47.96
Apr,New York,BROOKLYN,2020/4/6,-52.66,-81.52,-58.33
Apr,New York,MANHATTAN,2020/4/6,-81.69,-93.02,-91.59
Apr,New York,QUEENS,2020/4/6,-58.37,-83.9,-57.51
Apr,New York,STATEN ISLAND,2020/4/6,-49.84,-76.94,-34.24
Apr,New York,BRONX,2020/4/7,-50.44,-76.24,-49.33
Apr,New York,BROOKLYN,2020/4/7,-52.86,-82.24,-61.21
Apr,New York,MANHATTAN,2020/4/7,-81.37,-93.4,-91.95
Apr,New York,QUEENS,2020/4/7,-59.12,-84.72,-58.9
Apr,New York,STATEN ISLAND,2020/4/7,-49.53,-79.42,-30.8
Apr,New York,BRONX,2020/4/8,-51.23,-76.17,-51.51
Apr,New York,BROOKLYN,2020/4/8,-55.25,-82.96,-64.17
Apr,New York,MANHATTAN,2020/4/8,-81.31,-93.55,-92.46
Apr,New York,QUEENS,2020/4/8,-59.64,-84.73,-60.77
Apr,New York,STATEN ISLAND,2020/4/8,-49.15,-79.1,-32.42
Apr,New York,BRONX,2020/4/9,-52.03,-77.51,-55.66
Apr,New York,BROOKLYN,2020/4/9,-56.24,-83.52,-69.05
Apr,New York,MANHATTAN,2020/4/9,-81.2,-93.65,-93.22
Apr,New York,QUEENS,2020/4/9,-60.66,-85.42,-66.21
Apr,New York,STATEN ISLAND,2020/4/9,-50.25,-79.62,-39.95
Apr,New York,BRONX,2020/4/10,-45.95,-75.4,-50.7
Apr,New York,BROOKLYN,2020/4/10,-51.53,-83.13,-66.04
Apr,New York,MANHATTAN,2020/4/10,-79.39,-93.18,-92.56
Apr,New York,QUEENS,2020/4/10,-56,-85.32,-61.65
Apr,New York,STATEN ISLAND,2020/4/10,-41.38,-78.48,-31.85
Apr,New York,BRONX,2020/4/11,-49.41,-78.79,-50.67
Apr,New York,BROOKLYN,2020/4/11,-52.25,-83.96,-59.53
Apr,New York,MANHATTAN,2020/4/11,-80.08,-93.43,-91.33
Apr,New York,QUEENS,2020/4/11,-58.37,-86.12,-59.22
Apr,New York,STATEN ISLAND,2020/4/11,-44.58,-80.89,-30.58
Apr,New York,BRONX,2020/4/12,-60.32,-80.72,-61.53
Apr,New York,BROOKLYN,2020/4/12,-61.53,-85.57,-67.62
Apr,New York,MANHATTAN,2020/4/12,-83.15,-94.19,-93.04
Apr,New York,QUEENS,2020/4/12,-66.9,-87.21,-68.52
Apr,New York,STATEN ISLAND,2020/4/12,-62.76,-82.45,-51.82
Apr,New York,BRONX,2020/4/13,-53.73,-77.62,-58.52
Apr,New York,BROOKLYN,2020/4/13,-56.92,-84.1,-71.65
Apr,New York,MANHATTAN,2020/4/13,-81.5,-93.42,-93.7
Apr,New York,QUEENS,2020/4/13,-62.15,-85.33,-69.15
Apr,New York,STATEN ISLAND,2020/4/13,-55.56,-76.87,-51.39
Apr,New York,BRONX,2020/4/14,-45.78,-75.12,-48.43
Apr,New York,BROOKLYN,2020/4/14,-49.77,-81.67,-61.58
Apr,New York,MANHATTAN,2020/4/14,-79.73,-92.95,-91.73
Apr,New York,QUEENS,2020/4/14,-55.35,-83.69,-56.88
Apr,New York,STATEN ISLAND,2020/4/14,-44.64,-76.3,-38.38
Apr,New York,BRONX,2020/4/15,-42.51,-76.15,-47.34
Apr,New York,BROOKLYN,2020/4/15,-48.92,-83.08,-62.98
Apr,New York,MANHATTAN,2020/4/15,-79.44,-93.13,-92.02
Apr,New York,QUEENS,2020/4/15,-54.37,-84.77,-58.38
Apr,New York,STATEN ISLAND,2020/4/15,-42.83,-77.95,-36.18
Apr,New York,BRONX,2020/4/16,-42.8,-76.44,-46.84
Apr,New York,BROOKLYN,2020/4/16,-47.91,-83.1,-64.3
Apr,New York,MANHATTAN,2020/4/16,-79.29,-93.13,-92.18
Apr,New York,QUEENS,2020/4/16,-54.3,-85.06,-59.7
Apr,New York,STATEN ISLAND,2020/4/16,-41.1,-77.33,-33.73
Apr,New York,BRONX,2020/4/17,-37.46,-76.15,-42.98
Apr,New York,BROOKLYN,2020/4/17,-41.82,-83.04,-61
Apr,New York,MANHATTAN,2020/4/17,-77.27,-93.15,-91.57
Apr,New York,QUEENS,2020/4/17,-50.73,-84.69,-57.71
Apr,New York,STATEN ISLAND,2020/4/17,-34.9,-78.16,-30.41
Apr,New York,BRONX,2020/4/18,-46.15,-80.24,-50.76
Apr,New York,BROOKLYN,2020/4/18,-48.27,-84.94,-65.26
Apr,New York,MANHATTAN,2020/4/18,-79.36,-93.76,-92.49
Apr,New York,QUEENS,2020/4/18,-55.44,-85.99,-60.81
Apr,New York,STATEN ISLAND,2020/4/18,-44.73,-80.07,-35.84
Apr,New York,BRONX,2020/4/19,-49.08,-79.06,-50.61
Apr,New York,BROOKLYN,2020/4/19,-51.98,-84.04,-58.06
Apr,New York,MANHATTAN,2020/4/19,-78.99,-93.52,-90.35
Apr,New York,QUEENS,2020/4/19,-57.91,-85.83,-59.89
Apr,New York,STATEN ISLAND,2020/4/19,-48.34,-81.45,-39.85
Apr,New York,BRONX,2020/4/20,-40.5,-74.13,-42.84
Apr,New York,BROOKLYN,2020/4/20,-45.97,-81.16,-60.29
Apr,New York,MANHATTAN,2020/4/20,-78.57,-92.78,-91.65
Apr,New York,QUEENS,2020/4/20,-51.95,-83.22,-54.4
Apr,New York,STATEN ISLAND,2020/4/20,-42.59,-78.6,-36.9
Apr,New York,BRONX,2020/4/21,-44.7,-75.66,-50.05
Apr,New York,BROOKLYN,2020/4/21,-48.81,-82.96,-66.01
Apr,New York,MANHATTAN,2020/4/21,-79.53,-93.12,-92.51
Apr,New York,QUEENS,2020/4/21,-55.77,-84.66,-63.09
Apr,New York,STATEN ISLAND,2020/4/21,-44.38,-77.69,-40.63
Apr,New York,BRONX,2020/4/22,-39.39,-74.7,-43.26
Apr,New York,BROOKLYN,2020/4/22,-41.87,-82.1,-59.49
Apr,New York,MANHATTAN,2020/4/22,-77.87,-92.99,-91.58
Apr,New York,QUEENS,2020/4/22,-52.12,-83.87,-58.32
Apr,New York,STATEN ISLAND,2020/4/22,-38.57,-79.06,-37.45
Apr,New York,BRONX,2020/4/23,-40.02,-75.28,-44.18
Apr,New York,BROOKLYN,2020/4/23,-43.86,-82.38,-62.62
Apr,New York,MANHATTAN,2020/4/23,-78.09,-92.91,-92.04
Apr,New York,QUEENS,2020/4/23,-52.2,-83.64,-59.21
Apr,New York,STATEN ISLAND,2020/4/23,-40.76,-78.43,-32.05
Apr,New York,BRONX,2020/4/24,-35.36,-75.16,-44.54
Apr,New York,BROOKLYN,2020/4/24,-40.17,-82.34,-62.84
Apr,New York,MANHATTAN,2020/4/24,-76.5,-93.03,-92.05
Apr,New York,QUEENS,2020/4/24,-50.11,-83.8,-60.27
Apr,New York,STATEN ISLAND,2020/4/24,-35.49,-78.33,-35.12
Apr,New York,BRONX,2020/4/25,-34.89,-77.13,-38.93
Apr,New York,BROOKLYN,2020/4/25,-39.14,-82.35,-47.17
Apr,New York,MANHATTAN,2020/4/25,-73.98,-92.74,-88.06
Apr,New York,QUEENS,2020/4/25,-45.97,-84.12,-48.51
Apr,New York,STATEN ISLAND,2020/4/25,-31.62,-79.1,-19.83
Apr,New York,BRONX,2020/4/26,-52.14,-79.66,-59.03
Apr,New York,BROOKLYN,2020/4/26,-54.82,-84.89,-71.54
Apr,New York,MANHATTAN,2020/4/26,-80.61,-93.65,-93.77
Apr,New York,QUEENS,2020/4/26,-62.23,-85.92,-69.92
Apr,New York,STATEN ISLAND,2020/4/26,-51.77,-81.62,-52.74
Apr,New York,BRONX,2020/4/27,-38.77,-73.38,-44.43
Apr,New York,BROOKLYN,2020/4/27,-45.52,-81.25,-63.36
Apr,New York,MANHATTAN,2020/4/27,-78.05,-92.65,-92.06
Apr,New York,QUEENS,2020/4/27,-52.59,-81.93,-59.32
Apr,New York,STATEN ISLAND,2020/4/27,-44.56,-76.1,-40.91
Apr,New York,BRONX,2020/4/28,-33.03,-72.01,-36.54
Apr,New York,BROOKLYN,2020/4/28,-38.5,-79.44,-51.05
Apr,New York,MANHATTAN,2020/4/28,-74.76,-92.08,-89.36
Apr,New York,QUEENS,2020/4/28,-45.8,-81.1,-50.07
Apr,New York,STATEN ISLAND,2020/4/28,-32.63,-75.5,-21.2
Apr,New York,BRONX,2020/4/29,-36.55,-73.17,-40.13
Apr,New York,BROOKLYN,2020/4/29,-41.58,-79.72,-60.97
Apr,New York,MANHATTAN,2020/4/29,-76.81,-92.34,-91.57
Apr,New York,QUEENS,2020/4/29,-49.9,-82.09,-56.45
Apr,New York,STATEN ISLAND,2020/4/29,-36.31,-77.65,-28.96
Apr,New York,BRONX,2020/4/30,-35.66,-73.44,-43.77
Apr,New York,BROOKLYN,2020/4/30,-41.53,-81.01,-62.41
Apr,New York,MANHATTAN,2020/4/30,-76.52,-92.61,-92.02
Apr,New York,QUEENS,2020/4/30,-49.2,-82.35,-59.15
Apr,New York,STATEN ISLAND,2020/4/30,-38.95,-76.39,-32.89
May,New York,BRONX,2020/5/1,-21.65,-71.03,-31.54
May,New York,BROOKLYN,2020/5/1,-31.3,-78.83,-52.82
May,New York,MANHATTAN,2020/5/1,-72.63,-91.71,-89.91
May,New York,QUEENS,2020/5/1,-40.97,-80.75,-48.29
May,New York,STATEN ISLAND,2020/5/1,-25.66,-74.91,-17.03
May,New York,BRONX,2020/5/2,-20.9,-73.7,-25.18
May,New York,BROOKLYN,2020/5/2,-28.82,-79.08,-33.47
May,New York,MANHATTAN,2020/5/2,-69.87,-91.65,-85.13
May,New York,QUEENS,2020/5/2,-36.83,-81.1,-35.17
May,New York,STATEN ISLAND,2020/5/2,-24.63,-78.21,3.64
May,New York,BRONX,2020/5/3,-33.53,-74.75,-37.38
May,New York,BROOKLYN,2020/5/3,-39.14,-80.06,-43.72
May,New York,MANHATTAN,2020/5/3,-73.66,-92.07,-87.31
May,New York,QUEENS,2020/5/3,-46.67,-82.3,-44.27
May,New York,STATEN ISLAND,2020/5/3,-35.59,-73.89,-17.07
May,New York,BRONX,2020/5/4,-19.99,-66.26,-28.7
May,New York,BROOKLYN,2020/5/4,-36.39,-77.2,-50.71
May,New York,MANHATTAN,2020/5/4,-73.55,-91.2,-89.79
May,New York,QUEENS,2020/5/4,-43.31,-79.07,-45.76
May,New York,STATEN ISLAND,2020/5/4,-30.9,-72.93,-18.64
May,New York,BRONX,2020/5/5,-24.12,-68.13,-28.3
May,New York,BROOKLYN,2020/5/5,-32.19,-77.21,-48.87
May,New York,MANHATTAN,2020/5/5,-72.7,-91.18,-89
May,New York,QUEENS,2020/5/5,-39.61,-78.58,-43.27
May,New York,STATEN ISLAND,2020/5/5,-27.25,-73.25,-18.95
May,New York,BRONX,2020/5/6,-28.42,-68.69,-37.17
May,New York,BROOKLYN,2020/5/6,-36.17,-78.67,-58.21
May,New York,MANHATTAN,2020/5/6,-74.78,-91.63,-91.48
May,New York,QUEENS,2020/5/6,-44.54,-79.68,-53.3
May,New York,STATEN ISLAND,2020/5/6,-32.75,-70.37,-27.08
May,New York,BRONX,2020/5/7,-24.07,-68.58,-29.31
May,New York,BROOKLYN,2020/5/7,-30.18,-77.36,-45.55
May,New York,MANHATTAN,2020/5/7,-72.16,-91.21,-88.75
May,New York,QUEENS,2020/5/7,-39.53,-79.22,-40.98
May,New York,STATEN ISLAND,2020/5/7,-22.36,-72.29,-2.68
May,New York,BRONX,2020/5/8,-22.76,-71.35,-34.09
May,New York,BROOKLYN,2020/5/8,-30.52,-79.79,-56.22
May,New York,MANHATTAN,2020/5/8,-72,-91.86,-90.79
May,New York,QUEENS,2020/5/8,-39.63,-81.29,-48.93
May,New York,STATEN ISLAND,2020/5/8,-23.96,-74.73,-20.49
May,New York,BRONX,2020/5/9,-24.02,-73.4,-31.85
May,New York,BROOKLYN,2020/5/9,-34.21,-81.29,-55.38
May,New York,MANHATTAN,2020/5/9,-72.57,-92.02,-90.37
May,New York,QUEENS,2020/5/9,-38.37,-82.38,-44.93
May,New York,STATEN ISLAND,2020/5/9,-23.2,-79.02,-21.51
May,New York,BRONX,2020/5/10,-31.73,-76.61,-40.12
May,New York,BROOKLYN,2020/5/10,-37.05,-81.27,-50.66
May,New York,MANHATTAN,2020/5/10,-74.47,-92.71,-89.58
May,New York,QUEENS,2020/5/10,-42.89,-83.49,-45.54
May,New York,STATEN ISLAND,2020/5/10,-29.26,-75.96,-20.39
May,New York,BRONX,2020/5/13,-19.49,-67.57,-28.87
May,New York,BROOKLYN,2020/5/13,-27.62,-76.06,-44.05
May,New York,MANHATTAN,2020/5/13,-70.82,-90.85,-88.7
May,New York,QUEENS,2020/5/13,-35.89,-78.63,-38.85
May,New York,STATEN ISLAND,2020/5/13,-18.15,-74.25,-3.75
May,New York,BRONX,2020/5/14,-17.02,-66.28,-22.79
May,New York,BROOKLYN,2020/5/14,-24.8,-76.25,-43.3
May,New York,MANHATTAN,2020/5/14,-69.56,-90.85,-88.49
May,New York,QUEENS,2020/5/14,-33.28,-78.37,-35.6
May,New York,STATEN ISLAND,2020/5/14,-17.57,-72.98,-5.22
May,New York,BRONX,2020/5/15,-2.38,-64.88,-8.82
May,New York,BROOKLYN,2020/5/15,-10.73,-73.35,-30.54
May,New York,MANHATTAN,2020/5/15,-63.99,-89.92,-85.22
May,New York,QUEENS,2020/5/15,-20.58,-76.47,-23.79
May,New York,STATEN ISLAND,2020/5/15,0.21,-70.55,20.79
May,New York,BRONX,2020/5/16,-8.03,-68.54,-11.65
May,New York,BROOKLYN,2020/5/16,-15.04,-75.75,-27.47
May,New York,MANHATTAN,2020/5/16,-64.91,-90.35,-83.27
May,New York,QUEENS,2020/5/16,-22.95,-77.64,-23.18
May,New York,STATEN ISLAND,2020/5/16,-4.7,-73.92,21.76
May,New York,BRONX,2020/5/17,-26.22,-70.56,-30.14
May,New York,BROOKLYN,2020/5/17,-32.31,-78.07,-43.79
May,New York,MANHATTAN,2020/5/17,-70.68,-91.35,-87.61
May,New York,QUEENS,2020/5/17,-37.91,-79.39,-36.92
May,New York,STATEN ISLAND,2020/5/17,-23.61,-74.72,-8.74
May,New York,BRONX,2020/5/18,-18.7,-65.31,-23
May,New York,BROOKLYN,2020/5/18,-25.97,-74.54,-45.01
May,New York,MANHATTAN,2020/5/18,-69.63,-90.07,-88.28
May,New York,QUEENS,2020/5/18,-31.93,-75.37,-33.82
May,New York,STATEN ISLAND,2020/5/18,-18.09,-69.05,-6.69
May,New York,BRONX,2020/5/19,-13.7,-63.96,-16.56
May,New York,BROOKLYN,2020/5/19,-23.11,-74.68,-44.1
May,New York,MANHATTAN,2020/5/19,-68.09,-90.07,-87.35
May,New York,QUEENS,2020/5/19,-29.7,-75.7,-34.16
May,New York,STATEN ISLAND,2020/5/19,-12.91,-69.6,2.85
May,New York,BRONX,2020/5/20,-13.31,-63.88,-16.87
May,New York,BROOKLYN,2020/5/20,-19.06,-73.98,-40.62
May,New York,MANHATTAN,2020/5/20,-67.13,-90.05,-87.45
May,New York,QUEENS,2020/5/20,-26.49,-75.87,-30.43
May,New York,STATEN ISLAND,2020/5/20,-7.84,-71.64,-1.51
May,New York,BRONX,2020/5/21,-8.61,-62.81,-13.32
May,New York,BROOKLYN,2020/5/21,-15.06,-73.27,-36.3
May,New York,MANHATTAN,2020/5/21,-65.07,-89.84,-86.41
May,New York,QUEENS,2020/5/21,-23.87,-75.06,-27.69
May,New York,STATEN ISLAND,2020/5/21,-4.89,-68.85,9.68
May,New York,BRONX,2020/5/22,2.13,-62.48,-3.18
May,New York,BROOKLYN,2020/5/22,-6.56,-72.49,-33.24
May,New York,MANHATTAN,2020/5/22,-60.5,-89.5,-85.6
May,New York,QUEENS,2020/5/22,-15.72,-74.72,-21.75
May,New York,STATEN ISLAND,2020/5/22,5.87,-70.24,19.96
May,New York,BRONX,2020/5/23,-15.3,-68.89,-23.86
May,New York,BROOKLYN,2020/5/23,-24.18,-77.35,-50.04
May,New York,MANHATTAN,2020/5/23,-69.35,-91.11,-89.68
May,New York,QUEENS,2020/5/23,-30.75,-78.75,-39.47
May,New York,STATEN ISLAND,2020/5/23,-11.8,-74.74,-3.25
May,New York,BRONX,2020/5/24,-13.75,-68.16,-20.2
May,New York,BROOKLYN,2020/5/24,-21.12,-75.58,-35.07
May,New York,MANHATTAN,2020/5/24,-66.18,-90.01,-84.77
May,New York,QUEENS,2020/5/24,-27.31,-77.64,-29.97
May,New York,STATEN ISLAND,2020/5/24,-13.84,-73.19,-0.53
May,New York,BRONX,2020/5/25,-17.69,-64.37,-19.79
May,New York,BROOKLYN,2020/5/25,-22.91,-73.33,-36.62
May,New York,MANHATTAN,2020/5/25,-67.97,-89.95,-85.68
May,New York,QUEENS,2020/5/25,-30.02,-75.48,-29.26
May,New York,STATEN ISLAND,2020/5/25,-21.25,-68.34,-6.1
May,New York,BRONX,2020/5/26,-6.4,-58.93,-8.16
May,New York,BROOKLYN,2020/5/26,-13.87,-70.11,-32.74
May,New York,MANHATTAN,2020/5/26,-63.35,-88.4,-84.8
May,New York,QUEENS,2020/5/26,-20.67,-71.23,-20.81
May,New York,STATEN ISLAND,2020/5/26,0.79,-67.26,12.96
May,New York,BRONX,2020/5/27,-1.59,-58.89,-7.61
May,New York,BROOKLYN,2020/5/27,-10.96,-69.92,-31.38
May,New York,MANHATTAN,2020/5/27,-62.71,-88.47,-85.01
May,New York,QUEENS,2020/5/27,-17.37,-71.78,-22.3
May,New York,STATEN ISLAND,2020/5/27,2.35,-66.63,18.2
May,New York,BRONX,2020/5/28,-6.28,-60.74,-11.81
May,New York,BROOKLYN,2020/5/28,-12.93,-71.65,-38.46
May,New York,MANHATTAN,2020/5/28,-63.76,-88.93,-86.21
May,New York,QUEENS,2020/5/28,-21.8,-73.22,-26.98
May,New York,STATEN ISLAND,2020/5/28,0.53,-66.25,6.43
May,New York,BRONX,2020/5/29,4.84,-59.15,-3.71
May,New York,BROOKLYN,2020/5/29,-3.98,-69.85,-26.72
May,New York,MANHATTAN,2020/5/29,-59.98,-88.31,-84.15
May,New York,QUEENS,2020/5/29,-13.73,-71.43,-19.5
May,New York,STATEN ISLAND,2020/5/29,12.33,-67.53,17.72
May,New York,BRONX,2020/5/30,8.64,-61.18,3.46
May,New York,BROOKLYN,2020/5/30,-0.6,-68.59,-14.86
May,New York,MANHATTAN,2020/5/30,-57.37,-87.17,-79.89
May,New York,QUEENS,2020/5/30,-9,-70.51,-8.69
May,New York,STATEN ISLAND,2020/5/30,8.81,-68.27,37.25
May,New York,BRONX,2020/5/31,-14.79,-66.92,-21.61
May,New York,BROOKLYN,2020/5/31,-20.23,-73.05,-31.56
May,New York,MANHATTAN,2020/5/31,-63.64,-89.09,-82.28
May,New York,QUEENS,2020/5/31,-24.93,-73.51,-26.41
May,New York,STATEN ISLAND,2020/5/31,-10.18,-66.32,10.23
Jun,New York,BRONX,2020/6/1,-8.12,-59.84,-11.48
Jun,New York,BROOKLYN,2020/6/1,-14.67,-68.12,-28.15
Jun,New York,MANHATTAN,2020/6/1,-59.84,-87.48,-81.71
Jun,New York,QUEENS,2020/6/1,-23.51,-70.43,-25.6
Jun,New York,STATEN ISLAND,2020/6/1,-1.86,-63.32,5.98
Jun,New York,BRONX,2020/6/2,-15.42,-62.64,-20.22
Jun,New York,BROOKLYN,2020/6/2,-17.9,-68.63,-34.83
Jun,New York,MANHATTAN,2020/6/2,-61.77,-85.81,-81.29
Jun,New York,QUEENS,2020/6/2,-27.21,-71.55,-30.81
Jun,New York,STATEN ISLAND,2020/6/2,-8.58,-65.66,-1.74
Jun,New York,BRONX,2020/6/3,-13.99,-62.93,-21.68
Jun,New York,BROOKLYN,2020/6/3,-15.75,-70.38,-36.62
Jun,New York,MANHATTAN,2020/6/3,-67.34,-89.08,-87.97
Jun,New York,QUEENS,2020/6/3,-26.91,-72.14,-33.36
Jun,New York,STATEN ISLAND,2020/6/3,-6.52,-65.28,2.31
Jun,New York,BRONX,2020/6/4,-4.95,-58.84,-11.78
Jun,New York,BROOKLYN,2020/6/4,-5.26,-66.2,-25.28
Jun,New York,MANHATTAN,2020/6/4,-62.72,-87.59,-85.1
Jun,New York,QUEENS,2020/6/4,-16.97,-69.48,-22.45
Jun,New York,STATEN ISLAND,2020/6/4,5.56,-63.57,19.67
Jun,New York,BRONX,2020/6/5,3.01,-59.17,-9.8
Jun,New York,BROOKLYN,2020/6/5,-2.73,-68.36,-32
Jun,New York,MANHATTAN,2020/6/5,-62.24,-87.86,-86.73
Jun,New York,QUEENS,2020/6/5,-14.44,-71.36,-23.58
Jun,New York,STATEN ISLAND,2020/6/5,10.1,-64.49,27.71
Jun,New York,BRONX,2020/6/6,8.88,-59.85,-2.17
Jun,New York,BROOKLYN,2020/6/6,-1.56,-64.16,-16.94
Jun,New York,MANHATTAN,2020/6/6,-61.52,-86.4,-82.77
Jun,New York,QUEENS,2020/6/6,-8.41,-68.46,-13.45
Jun,New York,STATEN ISLAND,2020/6/6,13.83,-64.32,31.99
Jun,New York,BRONX,2020/6/7,-4.38,-61.03,-11.03
Jun,New York,BROOKLYN,2020/6/7,-12.69,-65.27,-23.12
Jun,New York,MANHATTAN,2020/6/7,-64.88,-87.48,-84.19
Jun,New York,QUEENS,2020/6/7,-17.89,-69.15,-21.76
Jun,New York,STATEN ISLAND,2020/6/7,-1.62,-64.95,22.55
Jun,New York,BRONX,2020/6/8,3.88,-50.88,-0.68
Jun,New York,BROOKLYN,2020/6/8,-2.18,-61.15,-21.16
Jun,New York,MANHATTAN,2020/6/8,-59.08,-84.58,-82.17
Jun,New York,QUEENS,2020/6/8,-11.01,-63.4,-16.44
Jun,New York,STATEN ISLAND,2020/6/8,9.03,-54.09,23.6
Jun,New York,BRONX,2020/6/9,11.7,-49.66,7.05
Jun,New York,BROOKLYN,2020/6/9,3.46,-59.79,-22.39
Jun,New York,MANHATTAN,2020/6/9,-57.61,-84.52,-81.55
Jun,New York,QUEENS,2020/6/9,-5.18,-62.34,-13.77
Jun,New York,STATEN ISLAND,2020/6/9,13.15,-54.79,21.72
Jun,New York,BRONX,2020/6/10,9.4,-51.1,4.56
Jun,New York,BROOKLYN,2020/6/10,3.23,-60.62,-22.4
Jun,New York,MANHATTAN,2020/6/10,-57.28,-84.79,-82.01
Jun,New York,QUEENS,2020/6/10,-7.18,-63.81,-14.78
Jun,New York,STATEN ISLAND,2020/6/10,15.64,-58.89,29.41
Jun,New York,BRONX,2020/6/11,4.02,-53.19,-5.08
Jun,New York,BROOKLYN,2020/6/11,-2.13,-64.44,-33.26
Jun,New York,MANHATTAN,2020/6/11,-58.9,-85.64,-84.32
Jun,New York,QUEENS,2020/6/11,-12.18,-66.56,-23.55
Jun,New York,STATEN ISLAND,2020/6/11,6.59,-62.51,8.19
Jun,New York,BRONX,2020/6/12,33.36,-46.57,22.76
Jun,New York,BROOKLYN,2020/6/12,23.33,-55.64,-5
Jun,New York,MANHATTAN,2020/6/12,-48.1,-82.69,-77.84
Jun,New York,QUEENS,2020/6/12,13.19,-60.44,3.17
Jun,New York,STATEN ISLAND,2020/6/12,34.33,-54.99,43.12
Jun,New York,BRONX,2020/6/13,25.83,-52.11,17.81
Jun,New York,BROOKLYN,2020/6/13,13.5,-59.38,-3.75
Jun,New York,MANHATTAN,2020/6/13,-53.59,-83.77,-76.82
Jun,New York,QUEENS,2020/6/13,8.04,-62.38,1.34
Jun,New York,STATEN ISLAND,2020/6/13,25.43,-59.86,38.33
Jun,New York,BRONX,2020/6/14,1.46,-57.56,-7.91
Jun,New York,BROOKLYN,2020/6/14,-5.28,-62.91,-17.64
Jun,New York,MANHATTAN,2020/6/14,-60.36,-85.79,-81.74
Jun,New York,QUEENS,2020/6/14,-11.77,-65.22,-17.62
Jun,New York,STATEN ISLAND,2020/6/14,0.77,-58.2,14.33
Jun,New York,BRONX,2020/6/15,8.52,-48.7,3.49
Jun,New York,BROOKLYN,2020/6/15,0.83,-59.44,-23.74
Jun,New York,MANHATTAN,2020/6/15,-55.4,-83.77,-80.83
Jun,New York,QUEENS,2020/6/15,-5.58,-60.78,-14.45
Jun,New York,STATEN ISLAND,2020/6/15,10.44,-53.48,21.53
Jun,New York,BRONX,2020/6/16,15.84,-46.94,9.4
Jun,New York,BROOKLYN,2020/6/16,7.07,-57.51,-16.03
Jun,New York,MANHATTAN,2020/6/16,-53.57,-83.26,-79.37
Jun,New York,QUEENS,2020/6/16,-0.85,-59.93,-6.56
Jun,New York,STATEN ISLAND,2020/6/16,19.41,-51.83,39.85
Jun,New York,BRONX,2020/6/17,14.32,-48.16,6.51
Jun,New York,BROOKLYN,2020/6/17,8.27,-57.4,-17.95
Jun,New York,MANHATTAN,2020/6/17,-53.06,-82.98,-79.54
Jun,New York,QUEENS,2020/6/17,-1.51,-60.66,-11.3
Jun,New York,STATEN ISLAND,2020/6/17,21.19,-52.89,33.91
Jun,New York,BRONX,2020/6/18,16.26,-45.97,9.38
Jun,New York,BROOKLYN,2020/6/18,11.12,-57.61,-16.71
Jun,New York,MANHATTAN,2020/6/18,-51.92,-82.76,-79.11
Jun,New York,QUEENS,2020/6/18,1.56,-60.58,-9.88
Jun,New York,STATEN ISLAND,2020/6/18,20,-54.24,28.71
Jun,New York,BRONX,2020/6/19,41.04,-41.27,34.02
Jun,New York,BROOKLYN,2020/6/19,40.4,-48.6,19.76
Jun,New York,MANHATTAN,2020/6/19,-40.37,-79.09,-72.84
Jun,New York,QUEENS,2020/6/19,21.85,-56.12,9.96
Jun,New York,STATEN ISLAND,2020/6/19,39.87,-51.83,48.18
Jun,New York,BRONX,2020/6/20,32.39,-49.19,25.64
Jun,New York,BROOKLYN,2020/6/20,20.08,-55.47,-5.26
Jun,New York,MANHATTAN,2020/6/20,-51.69,-82.93,-77.68
Jun,New York,QUEENS,2020/6/20,16.81,-59.68,5.16
Jun,New York,STATEN ISLAND,2020/6/20,29.87,-55.63,38.4
Jun,New York,BRONX,2020/6/21,9.04,-54.07,-1.02
Jun,New York,BROOKLYN,2020/6/21,-2.03,-61.71,-24.88
Jun,New York,MANHATTAN,2020/6/21,-60.19,-85.39,-82.97
Jun,New York,QUEENS,2020/6/21,-6.05,-64.84,-18.22
Jun,New York,STATEN ISLAND,2020/6/21,2.91,-58.73,7.45
Jun,New York,BRONX,2020/6/22,19.17,-40.98,11.25
Jun,New York,BROOKLYN,2020/6/22,14.09,-50.8,-14.26
Jun,New York,MANHATTAN,2020/6/22,-49.55,-80.53,-77.49
Jun,New York,QUEENS,2020/6/22,6.4,-53.93,-2.36
Jun,New York,STATEN ISLAND,2020/6/22,25.36,-44.2,39.38
Jun,New York,BRONX,2020/6/23,26.82,-39.99,22.78
Jun,New York,BROOKLYN,2020/6/23,18.63,-49.48,-3.86
Jun,New York,MANHATTAN,2020/6/23,-46.34,-79.54,-74.98
Jun,New York,QUEENS,2020/6/23,10.37,-53,1.93
Jun,New York,STATEN ISLAND,2020/6/23,31.34,-44.52,54.93
Jun,New York,BRONX,2020/6/24,25.16,-39.35,18.09
Jun,New York,BROOKLYN,2020/6/24,19.73,-49.81,-9.85
Jun,New York,MANHATTAN,2020/6/24,-45.76,-79.15,-75.09
Jun,New York,QUEENS,2020/6/24,9.73,-54.04,-3.08
Jun,New York,STATEN ISLAND,2020/6/24,34.55,-44.52,57.12
Jun,New York,BRONX,2020/6/25,29.35,-39.28,18.97
Jun,New York,BROOKLYN,2020/6/25,22.81,-49.08,-5.84
Jun,New York,MANHATTAN,2020/6/25,-43.8,-78.85,-73.62
Jun,New York,QUEENS,2020/6/25,11.7,-53.35,-0.23
Jun,New York,STATEN ISLAND,2020/6/25,36.96,-44.02,44.09
Jun,New York,BRONX,2020/6/26,52.8,-34.98,39.89
Jun,New York,BROOKLYN,2020/6/26,40.53,-43.55,10.46
Jun,New York,MANHATTAN,2020/6/26,-36.2,-76.56,-69.77
Jun,New York,QUEENS,2020/6/26,29.52,-50.63,14.91
Jun,New York,STATEN ISLAND,2020/6/26,50.92,-41.13,66.41
Jun,New York,BRONX,2020/6/27,29.52,-46.27,19.12
Jun,New York,BROOKLYN,2020/6/27,18.76,-52.89,-11.89
Jun,New York,MANHATTAN,2020/6/27,-48.68,-80.45,-76.18
Jun,New York,QUEENS,2020/6/27,13.77,-57.1,2.39
Jun,New York,STATEN ISLAND,2020/6/27,33.3,-52.17,46.5
Jun,New York,BRONX,2020/6/28,12.25,-50.31,-1.51
Jun,New York,BROOKLYN,2020/6/28,5.74,-54.23,-18.66
Jun,New York,MANHATTAN,2020/6/28,-51.38,-80.87,-76.5
Jun,New York,QUEENS,2020/6/28,-0.98,-58.39,-11.51
Jun,New York,STATEN ISLAND,2020/6/28,16.25,-50.6,21.37
Jun,New York,BRONX,2020/6/29,26.77,-37.28,17.83
Jun,New York,BROOKLYN,2020/6/29,20.04,-44.94,-10.06
Jun,New York,MANHATTAN,2020/6/29,-45.18,-77.87,-73.7
Jun,New York,QUEENS,2020/6/29,11.17,-50.29,0.34
Jun,New York,STATEN ISLAND,2020/6/29,30.05,-37.9,40.2
Jun,New York,BRONX,2020/6/30,28.29,-37.28,15.52
Jun,New York,BROOKLYN,2020/6/30,20.66,-48.51,-10.37
Jun,New York,MANHATTAN,2020/6/30,-43.52,-78.47,-74.13
Jun,New York,QUEENS,2020/6/30,10.5,-52.2,-1.59
Jun,New York,STATEN ISLAND,2020/6/30,27.31,-46.12,32.21
